,ADANIPORTS,ASIANPAINT,AXISBANK,BAJAJ-AUTO,BAJAJFINSV,BAJFINANCE,BHARTIARTL,BPCL,BRITANNIA,CIPLA,COALINDIA,DRREDDY,EICHERMOT,GRASIM,HCLTECH,HDFCBANK,HDFCLIFE,HEROMOTOCO,HINDUNILVR,ICICIBANK,INDUSINDBK,INFY,IOC,ITC,JSWSTEEL,KOTAKBANK,LT,MARUTI,NESTLEIND,NTPC,ONGC,POWERGRID,RELIANCE,SBIN,SHREECEM,SUNPHARMA,TATACONSUM,TATAMOTORS,TATASTEEL,TCS,TECHM,TITAN,ULTRACEMCO,UPL,WIPRO
2025-01-13,1.1165790970209614e-06,1.1165977980833107e-06,1.1165695462594427e-06,1.1165587779622933e-06,1.1166081602101235e-06,1.1275453898555893e-06,1.1166159913840912e-06,1.1275453898555893e-06,0.02222252298760452,1.1166047998503495e-06,0.022222522972288623,0.02222252286773867,1.1165913165803983e-06,0.022222522979381536,1.1166869500555147e-06,0.20000125823288356,1.1165843744617944e-06,1.1165881649362544e-06,1.1166085540857849e-06,1.11660586001494e-06,0.20000125821747827,0.15551493068844535,1.1275453898555893e-06,1.1166054687633842e-06,1.1166032302710606e-06,1.1165942233583872e-06,0.02222252298074946,1.1166053046053389e-06,1.1165952462785203e-06,1.116573051365888e-06,1.1165853013295693e-06,1.1275453898555893e-06,0.02222252293336337,1.116583406437546e-06,0.2000012582916807,1.116616642522377e-06,0.02222252298726208,0.022222522984846033,0.022222522974930183,1.1166836434729655e-06,1.1167013544146233e-06,1.116623706616467e-06,0.02222252298328731,1.11657062122999e-06,0.02222252299490927
2025-01-14,1.1930022345781717e-06,1.1609496510842003e-06,1.160919485475451e-06,1.1609197032725271e-06,1.1609547902121702e-06,1.1690326198044056e-06,1.1609731578278245e-06,1.1690326198044056e-06,0.022222898763870645,1.1609437397112103e-06,0.022222898741297924,0.022222898463046308,1.1609466139036696e-06,1.6550510344721189e-06,1.1610114811738567e-06,0.2000013066605199,1.1609482536758239e-06,1.1609482333221064e-06,1.1609550275198034e-06,1.1609582587648654e-06,0.20000130664584487,0.1555153066701903,1.1690326198044056e-06,1.1609612319074326e-06,1.160951376409078e-06,1.1609481264504526e-06,1.287191359481786e-06,1.1609520424702887e-06,1.1609435707698221e-06,1.160916647635934e-06,1.1609285000368447e-06,1.1690326198044056e-06,0.02222289862077328,1.1609290591692673e-06,0.2000013067058102,1.1609697532907774e-06,0.02222289876584729,0.022222898750942015,0.0222228987550561,1.1610129771810539e-06,1.161028061213616e-06,1.1609652018457296e-06,0.022222898742430545,1.1609219224424242e-06,0.06665974848139608
2025-01-15,1.0452128226704087e-06,1.0238515244047502e-06,1.023853395809035e-06,1.023852396938673e-06,1.0238552036081712e-06,1.0304127115226943e-06,1.0238789968973053e-06,1.0304127115226943e-06,0.02222302350713409,1.0238499378751926e-06,0.02222302354182726,0.02222302484602681,1.023843353185286e-06,1.3532543106654942e-06,1.0238969869327276e-06,0.20000114507180544,1.0238525500829178e-06,1.0238644332301747e-06,1.023851495333543e-06,1.023847875143656e-06,0.20000114504163152,0.15551543149235855,1.0304127115226943e-06,1.0284042107928868e-06,1.0283761812264672e-06,1.0238677351161424e-06,1.1080217630903611e-06,1.0238648339345313e-06,1.023853913918915e-06,1.023829502656003e-06,1.0283848522082876e-06,1.0304127115226943e-06,0.04444911385542166,1.023839069099487e-06,0.2000011450994114,1.0238589232768712e-06,0.022223023517027762,0.02222302348745813,0.022223023483545837,1.023899175133346e-06,1.0239190901870595e-06,1.0238677745796679e-06,7.65624851569893e-07,1.0238303181924748e-06,0.06665987319702796
2025-01-16,1.0319174679875351e-06,1.0121364026208243e-06,1.012147354266348e-06,1.0121413523313952e-06,1.012140165301569e-06,1.0158036550013545e-06,1.0121476350896202e-06,1.0158036550013545e-06,0.02222326909532709,1.0121430331366605e-06,0.022223269138871928,0.022223270658524853,1.0121298038242844e-06,1.278324599212954e-06,1.0121660906484684e-06,0.20000111197541307,1.0121320527877902e-06,1.012142553964671e-06,1.0121377487245856e-06,1.0121315752933191e-06,0.2000011119514749,0.1555156772074096,1.0158036550013545e-06,1.015168120250613e-06,1.0151537046918387e-06,1.012147891415158e-06,1.082145728931888e-06,1.0121482118418888e-06,1.0121417641659135e-06,1.0121334236018394e-06,1.015168985290347e-06,1.0158036550013545e-06,0.20000107739654724,1.0121363060843704e-06,1.01073757247745e-06,1.0121357376167187e-06,0.02222326910400415,0.022223269082146148,0.0222232690679998,1.014833416620102e-06,1.0121763383868524e-06,1.0121495608886407e-06,8.399935788549293e-07,1.0121291191250933e-06,0.11110678366936566
2025-01-17,6.147658520159841e-07,6.65945070631789e-07,6.659521558530859e-07,6.659481543011142e-07,6.659482940926545e-07,6.688635580329031e-07,6.659515463275074e-07,6.688635580329031e-07,0.022223003386463304,6.659491108562256e-07,0.022223003431437214,0.022223004869112686,6.659417085107407e-07,8.43405450076165e-07,6.659627841806309e-07,0.20000066783457382,6.65943297141273e-07,6.659484661651715e-07,6.659445158840745e-07,6.659424936666368e-07,0.20000066781713663,0.0,6.688635580329031e-07,6.679658951210471e-07,6.679605398803769e-07,6.659520359781852e-07,6.549471347660071e-07,6.659531109142295e-07,6.659479956023567e-07,6.659449372845869e-07,6.679688531294014e-07,6.688635580329031e-07,0.2000006401432051,6.659468502228535e-07,5.97820558512338e-07,6.659452213572066e-07,0.022223003395535828,0.022223003378094734,0.1777540321663479,6.010957980248882e-07,6.659698478121188e-07,5.989495867082669e-07,5.511836205172082e-07,6.659427314910985e-07,0.11110651307924359
2025-01-20,3.1868667744873076e-07,3.5279331613254645e-07,3.527174516518138e-07,3.5271427128747665e-07,3.527980842017797e-07,3.5075068725892457e-07,3.5275757377568697e-07,3.5075068725892457e-07,0.0,3.527859119800803e-07,0.0,0.022222591193997464,3.528191041629048e-07,4.7109028257705293e-07,3.5279251281548047e-07,0.20000003594706514,3.527850618431734e-07,3.5274450217467264e-07,3.528093012929406e-07,2.2423040527238513e-07,0.20000003600162486,0.0,3.5075068725892457e-07,3.5411207990168283e-07,3.541720332362708e-07,3.5273556785669657e-07,2.1533461498053555e-07,3.5275161993929143e-07,3.527691513825918e-07,2.241716904509427e-07,3.5408248938940104e-07,3.5075068725892457e-07,0.15556950241334283,2.2417336592157738e-07,1.6964789024833683e-07,3.5282026669693375e-07,0.02222259616670784,0.022222596198714008,0.1777534775143592,1.7228550311746204e-07,3.5275643466934404e-07,3.0810483731046625e-07,2.762681849829293e-07,3.52798421883207e-07,0.19999809805183102
2025-01-21,1.9492665660877074e-07,0.0,0.0,0.0,0.0,0.0,0.0,0.0,0.0,1.1371799516138667e-08,0.0,0.022222226418738344,0.0,0.0,0.0,0.1999974539001105,0.0,0.0,0.0,0.0,0.19999746618820402,0.0,0.0,0.0,0.0,0.0,1.0163022368749005e-07,0.0,2.1157647758331834e-07,8.003861750951498e-08,0.0,0.0,0.15556728554205335,5.642309110304098e-08,6.223453389198288e-08,0.0,0.0,0.022222231423381793,0.19999664753043267,6.719136483676308e-08,0.0,0.0,0.0,0.0,0.19999590360331468
2025-01-22,4.793109362385879e-08,0.0,0.0,0.0,0.0,0.0,0.0,0.0,0.0,0.0,0.0,0.022222100564498328,0.0,0.0,0.0,0.19999651078050248,0.0,0.0,0.0,0.0,0.19999734464038046,0.0,0.0,0.0,0.0,0.0,1.834955600431798e-09,0.0,0.0,3.80310659106433e-08,0.0,0.0,0.15556660035913972,1.9138724425959685e-08,0.0,0.0,0.0,0.02222210556912583,0.1999957759842898,0.0,0.0,0.0,0.0,0.0,0.19999945516522374
2025-01-23,2.908186683283716e-07,2.529313305706739e-07,2.5293132968264755e-07,2.52931330436706e-07,2.529313297382287e-07,2.5293044681341416e-07,2.5293133195038546e-07,2.5293044681341416e-07,2.524737959647327e-07,2.5293133137110693e-07,2.524737984932319e-07,0.02222241698784763,2.5293132930461637e-07,2.52473795068814e-07,2.529313335403381e-07,1.1113715291720987e-06,2.5247379523380734e-07,2.529313319127144e-07,2.529313304263806e-07,2.5293133016436445e-07,0.1999976612872633,2.5293133326933916e-07,2.5293044681341416e-07,2.5293133242343123e-07,2.524737928268161e-07,2.5293133413936063e-07,2.543992959255582e-07,2.5293132742218936e-07,2.529313312920782e-07,0.20000146581751893,2.5247379415566696e-07,2.5293044681341416e-07,1.1932879950357717e-06,2.682423104387638e-07,2.529313318281381e-07,2.529313296884236e-07,2.5247379507290697e-07,0.17776552366471632,0.20000140126278879,2.524737965995787e-07,2.529313327362032e-07,2.529313303191213e-07,2.5293133044206383e-07,2.52931328370351e-07,0.19999981685763446
2025-01-24,1.9677580859062157e-07,3.053735565190894e-07,3.05372078068071e-07,3.053726231697143e-07,3.053726416894738e-07,3.053706932211303e-07,3.0537325716287967e-07,3.053706932211303e-07,1.6609957910169726e-07,3.053727259277805e-07,1.6609956473855618e-07,0.022222363271820575,3.053723509476307e-07,3.050672499282984e-07,3.05373137130356e-07,8.77666094366212e-07,1.6609990415947087e-07,3.053731892157765e-07,3.0537360785290336e-07,3.053723327968594e-07,0.19999809311422215,3.053724947844075e-07,3.053706932211303e-07,1.664659292512894e-07,3.0506743914640286e-07,3.0537223188065707e-07,3.063512275449245e-07,3.0537221145482595e-07,3.053720463602523e-07,0.2000011367362057,1.6609957855616492e-07,3.053706932211303e-07,9.187508553287505e-07,3.155795103548288e-07,3.053717197209828e-07,3.053701218397943e-07,1.660998975965431e-07,0.17776548152398455,0.2000010850946495,3.0506712383966615e-07,3.053728529631121e-07,3.0537383293890825e-07,3.053700851159447e-07,1.6646593370045088e-07,0.19999981757055088
2025-01-27,0.0,0.0,7.200808883367924e-08,7.20082974767973e-08,7.200851550549184e-08,7.201581392402955e-08,7.200879651398536e-08,7.201581392402955e-08,0.0,7.200854551691497e-08,0.0,0.0,7.200835717732807e-08,7.180491967251434e-08,7.200875434244211e-08,3.440195445333136e-07,0.0,7.200876120473498e-08,7.20091111407467e-08,0.0,0.19999750298687424,7.200829496999026e-08,7.201581392402955e-08,0.0,7.180506529093252e-08,7.200820190511448e-08,7.266091318985491e-08,7.200810421293885e-08,7.200802094335613e-08,0.1999999378770687,0.0,7.201581392402955e-08,4.809236667738279e-07,0.20000115479947198,7.200788187849353e-08,0.0,0.0,0.0,0.19999989656391617,7.180476099206696e-08,7.200852642214022e-08,7.200923657742747e-08,7.200677041263674e-08,0.0,0.1999988825472777
2025-01-28,4.692045717653528e-09,4.707952312163342e-09,4.507677018892066e-08,6.231458846710313e-08,6.231476290771235e-08,3.394149926481299e-08,1.862412781547272e-08,3.394149926481299e-08,4.707952305174444e-09,0.0,4.692045701472882e-09,4.707952306523918e-09,2.8951723394277926e-08,4.768590385038717e-08,6.23149539444791e-08,6.1376980275897604e-09,0.19999998432090776,6.231495946427604e-08,4.278922880987704e-08,4.707952336313468e-09,0.1999980007166673,0.0,3.394149926481299e-08,4.692045675742335e-09,0.0,2.1276587796145656e-08,5.530440868251774e-08,2.3583761576830312e-08,4.974554764416372e-08,0.1999999486287609,4.6920456960730275e-09,3.394149926481299e-08,3.8943096684515785e-07,0.20000077032613844,4.1364918829315315e-08,4.707952312268578e-09,4.69204567896674e-09,4.692045677734001e-09,0.19999991557823973,2.4719760527524607e-08,4.4023690209946915e-08,4.541333936303772e-08,5.487460255795408e-08,4.707952315115017e-09,0.0
2025-01-29,0.0,5.265600770978755e-08,9.001097491871303e-08,1.015027732746883e-07,1.0192334360057863e-07,7.200560201062453e-08,7.518944128031519e-08,7.200560201062453e-08,6.394012381748691e-08,7.002304533160676e-08,6.373210014125793e-08,5.357033688687675e-08,7.960193449876869e-08,1.0101251790658686e-07,9.25105016849781e-08,6.322302260263529e-08,0.1999996896781888,1.0150227277971965e-07,9.099485877168498e-08,5.880275719374517e-08,0.19999810335938834,5.866727216887306e-08,7.200560201062453e-08,8.278931360351911e-08,6.20422485041604e-08,7.478467972191862e-08,0.0,6.800271721402483e-08,9.110386921457349e-08,0.19999966449152046,0.0,7.200560201062453e-08,1.893352219647927e-07,0.2000003204544699,9.384754146615688e-08,5.5613305661419287e-08,0.0,0.0,0.19999963596735632,7.648597194433632e-08,9.21167807705037e-08,9.304073331672268e-08,0.0,0.0,0.0
2025-01-30,0.0,1.0178267368336635e-07,1.2754187687199844e-07,1.3859969069426505e-07,1.3521189293335406e-07,1.1723419927683525e-07,1.2172044380861558e-07,1.1723419927683525e-07,1.1078445033478289e-07,1.16001269675499e-07,1.1042725953276239e-07,1.0436071014053211e-07,1.2075849314351884e-07,1.3582799989872794e-07,1.3414622365729402e-07,1.1086914191860928e-07,0.19999943928287,1.4130838289532692e-07,1.2799184259553341e-07,1.0809590442061877e-07,0.19999817025264602,1.0535429991574884e-07,1.1723419927683525e-07,0.0,1.0944951519389205e-07,1.2270633935486067e-07,6.86253516541035e-08,1.1788540224137255e-07,1.2839636799117322e-07,0.19999941390613848,0.0,1.1723419927683525e-07,6.77771358304041e-08,0.19999994411119812,1.308033895423343e-07,1.0589396112773159e-07,0.0,0.0,0.1999993983513322,0.0,1.2921522609060816e-07,1.3362277309302839e-07,0.0,0.0,0.0
2025-01-31,5.883848228657945e-08,1.266957262736387e-07,1.4386769556682543e-07,1.512401012139231e-07,1.4898183438645427e-07,1.370210275783023e-07,1.3998815919772763e-07,1.370210275783023e-07,1.3269689575440204e-07,1.3617408474340342e-07,1.3245841109557262e-07,1.2840858275507216e-07,1.3934635612729188e-07,1.4939242658596088e-07,1.4827151457797894e-07,0.0,0.19999924886143625,1.5304644696968915e-07,0.0,0.0,0.1999982336371466,1.2907709182729607e-07,1.370210275783023e-07,0.0,1.3180680261407364e-07,0.0,1.0459011066651593e-07,1.3743060739859985e-07,1.4443789306958574e-07,0.19999922855844707,0.0,1.370210275783023e-07,0.0,1.1303047424090285e-07,1.4604247145118652e-07,1.2943706330096554e-07,0.0,5.884016435003829e-08,0.1999992161158455,5.884098102394395e-08,1.449846580698145e-07,1.4792229649835785e-07,0.0,0.0,0.20000018889468224
2025-02-03,0.0,1.4474562181735886e-07,1.5619470629841333e-07,1.611090807366562e-07,1.596037671643427e-07,1.5179746403433854e-07,1.5360729763945503e-07,1.5179746403433854e-07,1.4874627162788946e-07,1.5106516498104044e-07,0.0,0.0,1.5318032016103832e-07,1.598794758406181e-07,1.5912962730736623e-07,0.0,0.1999990942175475,1.6231234743465778e-07,6.02818144106224e-08,0.0,0.1999982820402119,1.4633306256911183e-07,1.5179746403433854e-07,0.0,1.4815430939944157e-07,6.028181739949291e-08,1.3000869417530497e-07,1.5190261527935328e-07,1.5657400593011582e-07,0.19999907797813984,0.0,1.5179746403433854e-07,6.02691657711745e-08,0.0,1.5764535789002514e-07,1.465742124045433e-07,0.0,9.951033932532323e-08,0.19999906802304906,0.0,1.5693733088840307e-07,1.5889790362103785e-07,0.2000003254221637,6.028372365425088e-08,1.4189999807629322e-07
2025-02-04,0.0,1.502051520184269e-07,1.7686871938578558e-07,1.8014544528422103e-07,1.7828729865265597e-07,1.7455832806660995e-07,1.524459949534435e-07,1.7455832806660995e-07,1.7190737738293846e-07,1.7253713337746307e-07,7.272863747688443e-08,0.0,1.7399172737857272e-07,1.5349420094736812e-07,1.795277591930014e-07,0.0,0.19999899819992384,1.8129745929818102e-07,0.0,7.274393474597193e-08,0.1999983427560254,1.7181717932553495e-07,1.7455832806660995e-07,7.160932106054021e-08,0.0,0.0,1.59411842344156e-07,1.756949898610923e-07,1.7711905910271398e-07,0.19999897670581523,0.0,1.7455832806660995e-07,1.1492661404766221e-07,8.1175983958299e-08,1.7428730102607182e-07,1.532980650914967e-07,0.0,0.0,0.19999897153811944,7.38163285315267e-08,1.791192491810958e-07,2.1549094512444168e-07,0.19999997746365242,1.1292932194352975e-07,1.582251105379139e-07
2025-02-05,0.0,1.9146191700440241e-07,2.0923777780009146e-07,2.1142139266201916e-07,2.1018261469113923e-07,2.0763115898344787e-07,1.929557186907142e-07,2.0763115898344787e-07,4.717834227155697e-08,2.0635097184940524e-07,1.3981206271413543e-07,0.0,4.884467950524083e-08,1.9365510342742963e-07,2.110110280607728e-07,9.132584480464491e-08,0.19999901134760392,2.1218998637412127e-07,9.132509897520341e-08,0.0,0.1999984869911438,2.0587035639636078e-07,2.0763115898344787e-07,1.3906484289700698e-07,9.132549036134736e-08,9.132585879523663e-08,1.9760112256086436e-07,0.19999883225504267,2.09404385905466e-07,0.19999899415236583,0.0,2.0763115898344787e-07,1.5995066813966298e-09,1.4544312405614374e-07,2.075171964774825e-07,1.9352433509305483e-07,0.0,0.0,0.199998990017591,1.4053635676069975e-07,2.1073874616128214e-07,2.3498561870159636e-07,3.259753982323718e-07,1.6661116647660286e-07,3.623457218150332e-08
2025-02-06,0.0,2.027585879420247e-07,2.1642824760286676e-07,2.2157472559426506e-07,2.170719577057897e-07,2.1550004339283163e-07,2.0612488863588298e-07,2.1550004339283163e-07,0.0,2.1131033766480186e-07,1.6834321738425973e-07,0.0,1.0987950168169374e-07,2.0505540614514756e-07,2.189640775369968e-07,1.3826225092560426e-07,0.19999892406707506,2.1823750319861837e-07,1.3856790872674809e-07,0.0,0.1999985057307953,2.1484171121241609e-07,2.1550004339283163e-07,1.7100563504983496e-07,1.344809752168774e-07,0.0,2.0798220492526093e-07,0.19999878060589243,2.123592756629025e-07,0.19999890969810874,0.0,2.1550004339283163e-07,0.0,1.7453590541716234e-07,2.109209345169572e-07,2.06453676539597e-07,0.0,0.0,0.19999890831158576,1.7325598079569654e-07,2.19534241345626e-07,2.3370977823509673e-07,2.931826645065842e-07,1.8474377487822616e-07,0.0
2025-02-07,0.0,2.1243514475455334e-07,2.215405107550674e-07,2.2494021516606667e-07,2.220078415999248e-07,2.2095544031410276e-07,5.75527693854081e-08,2.2095544031410276e-07,7.728626188521615e-08,2.1813342788535436e-07,1.8952183273087733e-07,0.0,1.5046389726388426e-07,2.139730436971133e-07,2.2332709320227337e-07,1.6946801346454028e-07,0.19999890331115555,2.227766360890775e-07,3.5071962994557918e-09,7.72862626706481e-08,0.19999856866034643,2.2052095301694106e-07,2.2095544031410276e-07,1.9129368035281405e-07,2.3761988112767717e-10,7.7293355500185e-08,2.1588549705231787e-07,0.199998788560269,2.1880451769318672e-07,0.1999988916601134,0.0,2.2095544031410276e-07,7.731551051475023e-08,1.937071788018975e-07,2.179249445699227e-07,2.1492909973224023e-07,0.0,0.0,0.19999889071223423,3.125764353346396e-08,2.236482938963895e-07,2.33109140579647e-07,2.726471078632818e-07,2.004784302883753e-07,0.0
2025-02-10,0.0,2.249239784743065e-07,2.310018100841422e-07,2.332680914708351e-07,2.3130421057429412e-07,2.3072643567558028e-07,1.21673079176348e-07,2.3072643567558028e-07,1.3482472908992177e-07,2.287232509852764e-07,2.0966432683521486e-07,0.0,1.8360549106271018e-07,2.2594941838939445e-07,2.3218643620592073e-07,3.925655304837184e-08,0.19999882115533604,2.318229867031017e-07,8.563671432265527e-08,0.0,0.19999855343118386,2.3031677902728894e-07,2.3072643567558028e-07,2.1083238302166525e-07,8.345465364322742e-08,1.3483593013482802e-07,2.2722778820890824e-07,0.19999872936462754,2.291721218731195e-07,0.19999881183211415,0.0,2.3072643567558028e-07,0.0,2.1243845859112704e-07,2.285860095269881e-07,2.265827223400618e-07,0.0,0.0,0.19999881089186008,0.0,2.324046505808368e-07,2.387081982946091e-07,2.6506595937622475e-07,2.169514045674588e-07,0.0
2025-02-11,4.6659286275239716e-08,3.576112642896882e-08,2.0066298622171495e-07,2.0217478728987587e-07,2.00866022571775e-07,2.005115652425102e-07,1.277797772774963e-07,2.005115652425102e-07,0.0,1.9914384171090782e-07,1.86438497480017e-07,0.0,1.6906710950127345e-07,1.9729568405909112e-07,2.0145422623686636e-07,7.283369025643111e-08,0.19999870957803936,2.0121222953529502e-07,1.0375411915505887e-07,0.0,0.19999849539715986,2.0020816886777386e-07,2.005115652425102e-07,1.8721862925986882e-07,0.0,0.0,6.497385945369827e-08,0.19999863614449293,1.994440227761228e-07,0.19999870211629023,0.0,2.005115652425102e-07,0.0,1.882873128067518e-07,1.9905308396414617e-07,1.9771906551835512e-07,0.0,4.666213186234124e-08,6.460083212736884e-08,0.0,2.0160059992066532e-07,2.0580164698012736e-07,2.2337261199602497e-07,1.9129630844968664e-07,0.2000003393750986
2025-02-12,0.0,9.953945759013155e-08,5.1370568820347404e-08,2.1051192735135422e-07,2.096374474554638e-07,2.094044270313632e-07,1.6085887048482665e-07,2.094044270313632e-07,0.0,2.0850023247225172e-07,2.00007545255641e-07,7.573381045353493e-08,1.88371256132566e-07,2.0729698099010315e-07,2.1002694563317795e-07,1.2428253949983284e-07,0.19999868729264406,2.0985658457799572e-07,1.4489623589981565e-07,0.0,0.1999985159179267,2.092094170099718e-07,2.094044270313632e-07,2.0051762380297027e-07,7.573093551363413e-08,0.0,1.190281619278424e-07,0.1999986285142814,2.086777500049525e-07,0.1999986812917907,0.0,2.094044270313632e-07,0.0,2.012979336647507e-07,2.0844392920250977e-07,2.0760250971404494e-07,0.0,0.0,0.0,7.574684991355654e-08,2.101431582275256e-07,2.1295326591651289e-07,2.246963911274937e-07,2.0331104612699453e-07,0.19999999111527422
2025-02-13,0.0,1.4529966376417463e-07,0.0,2.198802459736459e-07,2.178523202255976e-07,2.1890066978926263e-07,1.8693756947398135e-07,2.1890066978926263e-07,7.930564220179988e-08,2.1884607007409435e-07,2.1264300985527708e-07,0.0,2.0535046795870196e-07,2.1795175688271596e-07,2.1907787939989594e-07,1.6178373781385068e-07,0.1999986914916136,2.1916471551011386e-07,1.7544206391169545e-07,0.0,0.1999985544812193,2.187888765623906e-07,2.1890066978926263e-07,5.6094858511335276e-08,1.2941010877157974e-07,0.0,1.5874163177097788e-07,0.19999864454852728,2.1837134365109455e-07,0.19999868673239826,7.90595881183859e-08,2.1890066978926263e-07,0.0,2.1341500477152687e-07,2.1791513279960244e-07,2.1836355283191023e-07,0.0,7.894981161557571e-08,0.0,0.0,2.1910914456399212e-07,2.2182955085881722e-07,2.3039693205233558e-07,7.252323234482216e-08,0.19999973463864995
2025-02-14,0.0,1.7286281322109772e-07,7.620757375187687e-08,2.2229975582661306e-07,2.2125142905811336e-07,2.21545089054649e-07,2.0050704058117739e-07,2.21545089054649e-07,1.2855513352490948e-07,6.754021277951912e-08,2.1781415867359902e-07,0.0,2.1281153895801057e-07,2.2111407848682625e-07,2.2195733717672896e-07,1.8383253511148723e-07,0.1999987183023163,2.2217555202446597e-07,1.9285615915212334e-07,0.0,0.1999986080418756,2.217896407997246e-07,2.21545089054649e-07,1.1329698494245654e-07,1.6225287885105196e-07,7.584487512596461e-08,1.8188990761490643e-07,0.19999868017061964,2.200693728208541e-07,0.19999871405047984,0.0,2.21545089054649e-07,0.0,2.1817023573959633e-07,2.2134082721172822e-07,6.71696279263239e-08,0.0,0.0,7.597651819632166e-08,7.628421765401831e-08,2.2194630855598194e-07,2.2378683456375045e-07,7.513865114250306e-08,1.2434513442527817e-07,0.19999955216601822
2025-02-17,0.0,1.9127062248223523e-07,0.0,2.2430154575126675e-07,2.2397491214370583e-07,2.239356396143118e-07,2.0992174254572327e-07,2.239356396143118e-07,0.0,1.214844191027358e-07,2.214689192725416e-07,0.0,2.180797041815275e-07,2.2390590884099308e-07,2.2412643640450074e-07,1.9884528980081115e-07,0.19999873294901774,2.2431314443601653e-07,2.0500552160023604e-07,7.626801530849764e-08,0.19999864486747365,6.945805754133236e-08,2.239356396143118e-07,1.5202444271604168e-07,1.8427079141927785e-07,0.0,1.9772135930569102e-07,0.19999870256929575,2.2291766879909628e-07,0.19999872946171351,7.625836162679559e-08,2.239356396143118e-07,0.0,2.2145674663533744e-07,2.2417313798592557e-07,1.2076008940321993e-07,0.0,0.0,1.2699909226997328e-07,0.0,2.2386356731551352e-07,2.258596645152138e-07,1.266759338233593e-07,1.5896138804844168e-07,0.19999940004245761
2025-02-18,0.0,2.0399409459167013e-07,7.661339362695818e-08,2.2734292997307966e-07,2.2617295953859133e-07,2.2631523608518145e-07,2.1795887438567617e-07,2.2631523608518145e-07,0.0,1.580318323175529e-07,6.887794290979707e-08,0.0,2.2234837614060378e-07,2.2709160596432666e-07,2.2709076634096933e-07,2.0961824492850656e-07,0.19999873572139903,2.2660430445765097e-07,2.1374157681273736e-07,1.278612317754645e-07,0.19999866537843747,0.0,2.2631523608518145e-07,1.783401020876776e-07,1.9915288699241786e-07,7.70934020656832e-08,2.0930134336262018e-07,0.19999871156071197,2.2562669289301046e-07,0.19999873325717094,1.27318168555396e-07,2.2631523608518145e-07,0.0,2.2456036231152165e-07,7.103904976195907e-08,1.5696304900746672e-07,0.0,0.0,0.0,7.699711840441539e-08,2.2657855303299228e-07,2.2763521204078378e-07,1.623372898195383e-07,1.8299160399580101e-07,0.19999926953736807
2025-02-19,0.0,1.822473712589511e-07,0.0,2.1423234893875167e-08,1.9703321894785235e-07,1.9713626938549083e-07,1.9155737442896333e-07,1.9713626938549083e-07,0.0,1.5160594338919345e-07,0.0,0.0,4.811623992147565e-09,1.9764571030372307e-07,1.9764517926785504e-07,1.8599701467441416e-07,0.1999985570724078,1.973210213001587e-07,3.100446627621145e-08,1.3149202053464764e-07,0.19999850079804088,0.0,1.9713626938549083e-07,1.6514484160409e-07,1.7901977148277857e-07,0.0,1.8578566333532114e-07,0.0,1.52662410904083e-08,0.19999855510098008,0.0,1.9713626938549083e-07,0.20000153511404534,4.597942436748505e-08,0.0,1.5089325577134134e-07,0.0,0.0,0.0,9.758289930616108e-08,1.973038701110673e-07,1.9800817147634472e-07,1.5447623836882396e-07,0.0,0.19999898412389214
2025-02-20,0.0,1.9425543273180681e-07,0.0,8.704734954819531e-08,4.5070383013609244e-08,2.0410203163888613e-07,2.0038958568532222e-07,2.0410203163888613e-07,7.269376333791373e-08,1.7348484037843709e-07,7.28139600738321e-08,0.0,7.588526403357862e-08,2.0454776856587253e-07,2.0447036845448393e-07,1.9666478018402298e-07,0.19999852989612207,2.0422656819527144e-07,9.335895721082069e-08,1.6038542237110307e-07,0.19999848489392247,7.269402975474017e-08,2.0410203163888613e-07,1.8285838424574218e-07,1.92103135394459e-07,7.27836551697943e-08,1.966262753647232e-07,0.0,8.28453929563071e-08,0.19999852840087876,0.0,2.0410203163888613e-07,0.2000009123257882,1.0342531096749239e-07,0.0,1.732706867589847e-07,0.0,0.0,0.0,1.375850116376748e-07,2.042248204174757e-07,2.0472095608890876e-07,1.7546550892326976e-07,7.269300749283809e-08,0.19999887148354284
2025-02-21,0.0,2.0379416999120471e-07,7.429323227861531e-08,1.3232461834482852e-07,0.0,2.1035950596516743e-07,2.078844074004943e-07,2.1035950596516743e-07,1.2275076706738683e-07,1.899467972956976e-07,1.228347157065371e-07,0.0,1.2488131516554912e-07,2.106547143869651e-07,2.1060637430946082e-07,2.0540157854353777e-07,0.19999855431732255,2.1044297895949216e-07,1.3652840242733897e-07,1.8121674289582304e-07,0.1999985183218596,0.0,2.1035950596516743e-07,1.961969300285409e-07,2.0236366479236613e-07,1.228124183933943e-07,2.053727309629609e-07,0.0,1.2952074352292615e-07,0.1999985531261893,7.429635587728414e-08,2.1035950596516743e-07,0.20000046026583793,1.43243118947156e-07,0.0,1.8980296414622904e-07,0.0,0.0,7.428775298678202e-08,0.0,2.104395077904541e-07,2.1077184240808024e-07,2.9525520054316482e-08,1.2275841833142242e-07,0.19999882757698356
2025-02-24,0.0,2.1385382951952413e-07,1.2751995935178798e-07,1.6620750539663745e-07,0.0,2.1823066257667828e-07,2.165806238397279e-07,2.1823066257667828e-07,0.0,2.046222847250965e-07,1.598809097520767e-07,7.799125397992191e-08,1.6124529031636824e-07,2.1842753454783032e-07,2.1839529750982038e-07,2.1492545154740888e-07,0.19999861486851508,2.1828635581768677e-07,1.690100155519813e-07,1.9880221765188423e-07,0.19999858607220194,7.799112689920825e-08,2.1823066257667828e-07,2.0878899180558887e-07,2.1290016832271683e-07,1.5986600645605845e-07,5.790697382640544e-08,7.799114093966414e-08,1.643382499281684e-07,0.1999986139156807,0.0,2.1823066257667828e-07,0.20000013962650037,1.7348652405996132e-07,0.1999984685370171,2.0452634387848597e-07,0.0,0.0,0.0,7.799111943987692e-08,2.182840339124386e-07,2.185056193338392e-07,0.0,1.598300605830327e-07,1.2590154542833747e-07
2025-02-25,0.0,2.2000532361345834e-07,1.6244886865060386e-07,1.8824113307067072e-07,0.0,2.2290087813105114e-07,2.2182306335778722e-07,2.2290087813105114e-07,0.0,2.1384724422773503e-07,1.8401960213642182e-07,1.2942640139229114e-07,1.8492846911001823e-07,2.2305378852809363e-07,2.2303208229284022e-07,2.2071774135338934e-07,0.19999860321058066,2.2295547228065787e-07,1.901049439998027e-07,2.0997018865704985e-07,0.1999985801792694,0.0,2.2290087813105114e-07,2.1662287572170046e-07,2.193695284985349e-07,1.840067098950913e-07,1.1604003279590725e-07,1.2942673756607975e-07,1.8699042883145522e-07,0.19999860244854592,0.0,2.2290087813105114e-07,0.19999982302580313,1.9309311557675557e-07,0.19999848614615934,2.137825279710923e-07,0.0,0.0,0.0,1.2942953338053666e-07,2.2295869161760753e-07,2.231030866196187e-07,0.0,1.839875378373119e-07,0.0
2025-02-26,0.0,2.2520644286937498e-07,1.8687728776559946e-07,2.0403390527419921e-07,0.0,2.2713397096909015e-07,2.26423194129689e-07,2.2713397096909015e-07,0.0,2.2110230149992742e-07,2.012505061577984e-07,1.6482073679350598e-07,2.0177324689447014e-07,2.2719758854470318e-07,2.2723670605459935e-07,2.2571668367015632e-07,0.19999858603266638,2.2717203314793463e-07,2.0530831296183375e-07,2.1855988797334608e-07,0.19999856761036086,7.853412657103872e-08,2.2713397096909015e-07,2.2294924383594963e-07,2.2479391744770417e-07,2.0120668048528396e-07,1.5589408331476537e-07,0.0,2.03226797479948e-07,0.19999858543078275,0.0,2.2713397096909015e-07,0.19999956188675552,2.0730834352046037e-07,0.1999984924091895,2.2102475095010865e-07,0.0,0.0,0.0,1.6483371173479564e-07,2.2718004522072935e-07,2.2727044597432699e-07,0.0,2.0119238085966504e-07,0.0
2025-02-27,0.0,2.2449158602542221e-07,1.989388610729158e-07,2.1037659822683175e-07,0.0,2.2577513463532106e-07,2.2530277954526323e-07,2.2577513463532106e-07,0.0,6.61101147391411e-08,2.0852099980036335e-07,1.8423494706834886e-07,2.0886952505284764e-07,2.2581903368872032e-07,2.2584509382665888e-07,2.248317526248049e-07,0.1999982666459866,2.258020025104999e-07,2.1122618827381842e-07,2.2006056098431128e-07,0.0,1.2671027715912096e-07,2.2577513463532106e-07,2.229867869783667e-07,2.2421656685888195e-07,2.0849178562893258e-07,1.7828343556871317e-07,0.0,2.09838528713904e-07,0.19999826616445981,0.0,2.2577513463532106e-07,0.1999990473275459,2.1255955747199394e-07,0.19999819174736355,2.2170379089288847e-07,0.0,0.1999999410376546,0.0,1.8424319662257034e-07,2.2580732435207503e-07,2.2586759662991703e-07,7.435429406327056e-08,2.0848226648287772e-07,0.0
2025-02-28,0.0,1.8661434619022511e-07,7.335639464979637e-08,2.197656804206958e-07,8.424686590918185e-08,2.3290273126610028e-07,2.2069765009641565e-07,2.3290273126610028e-07,0.0,1.1905699128448272e-07,2.2434911552773598e-07,6.128638677225699e-08,2.138861202407379e-07,2.347502365333926e-07,2.2457831745656153e-07,1.8006062749935333e-07,0.19999836110518096,2.2115131052254405e-07,2.2229550684507882e-07,2.2505994346664134e-07,8.431797194474156e-08,1.6766502550660985e-07,2.3290273126610028e-07,2.1863585846893315e-07,2.3308738004950924e-07,2.2450151516876922e-07,1.9986965716280077e-07,0.0,2.1063037156935945e-07,0.19999837982052085,0.0,2.3290273126610028e-07,0.19999899148365732,2.1442475572935638e-07,0.19999829644359648,2.2844900188265948e-07,0.0,0.19999970639523382,8.344405058871527e-08,2.0474679197843482e-07,9.454390079777002e-08,2.3523001712952222e-07,0.0,2.224380939563521e-07,0.0
2025-03-03,0.0,1.6526087240618364e-07,8.975494309191803e-08,1.87361246613665e-07,0.0,1.9614451455062867e-07,1.8798275549244326e-07,1.9614451455062867e-07,0.0,1.2022211732983373e-07,1.9041641700670438e-07,0.0,1.8344177031872486e-07,1.973511023048441e-07,1.9057010393883207e-07,1.60891053736486e-07,0.1999983324836851,1.8828508593953107e-07,2.6727733444468353e-08,1.908910159412688e-07,9.70633895892944e-08,1.5262762025218948e-07,1.9614451455062867e-07,1.866083787772602e-07,1.9624262018484293e-07,1.905182903192293e-07,1.7409731451832768e-07,0.0,1.8127172140020555e-07,0.1999983474557575,0.0,1.9614451455062867e-07,2.5407118664972948e-08,1.8380079666792354e-07,0.19999828075460396,3.16498445388377e-08,0.20000063867366358,0.19999940871485392,0.0,1.7734895975664338e-07,1.038803292674428e-07,1.976713149294503e-07,4.085100729589897e-08,1.891434539796103e-07,0.0
2025-03-04,0.0,1.8460150026161236e-07,1.34570014068507e-07,1.9904514663231962e-07,0.0,2.0534555046925956e-07,1.973009014384877e-07,2.0534555046925956e-07,0.0,1.5269478952469338e-07,2.0129460454798076e-07,0.0,1.9832799540133904e-07,2.0766126047283614e-07,2.0017345273693476e-07,1.8140546865578284e-07,0.19999837126706335,1.9999509861394359e-07,0.0,2.0235469846633307e-07,0.0,1.8098753588613364e-07,2.0534555046925956e-07,1.9805393982969183e-07,2.0398118605222865e-07,2.0012563260715239e-07,1.9507272422660693e-07,0.0,1.9517902327527513e-07,0.1999983818649908,7.476942856549995e-08,2.0534555046925956e-07,0.0,1.971222794911523e-07,0.199998329521409,9.436255517017369e-08,0.2000002167623171,0.19999923307873596,0.0,1.9252574891686687e-07,1.4384308296142001e-07,2.1133557813225235e-07,9.990623712905191e-08,1.9943239846975145e-07,0.0
2025-03-05,0.0,4.334796861446251e-08,1.6947260847462142e-07,2.128627089826862e-07,0.0,2.169561586985802e-07,2.1175303153147213e-07,2.169561586985802e-07,0.0,1.8185889741967e-07,2.1425908218576536e-07,0.0,5.432744177455771e-08,2.185315228096662e-07,2.136268188119011e-07,2.010111202927393e-07,0.19999841987338368,2.1337199334404267e-07,0.0,2.150418874981797e-07,8.0036375987707e-08,2.0065814676364798e-07,2.169561586985802e-07,2.1210954883115676e-07,2.1605775489395325e-07,2.1353940935144728e-07,2.100480953121604e-07,0.0,2.1021232314780694e-07,0.19999842833917086,0.0,2.169561586985802e-07,8.003504357059924e-08,2.1152527012914466e-07,0.1999983864611567,1.4295172191611334e-07,0.1999998961617478,0.19999910929249654,0.0,2.0895110696266355e-07,1.759687975411839e-07,2.2085310667500454e-07,1.4665025248659967e-07,2.129843743487562e-07,0.0
2025-03-06,0.0,1.0691285339980002e-07,1.9101212734450302e-07,2.199392343266495e-07,0.0,2.226409386428376e-07,2.191971809520562e-07,2.226409386428376e-07,0.0,1.9926962770337998e-07,2.208696500166677e-07,0.0,1.1424699948476921e-07,2.2371803599523779e-07,2.20446264145193e-07,2.1201218240052528e-07,0.19999844275965378,2.2025276145228882e-07,0.0,2.213917373148336e-07,0.0,2.1180147855236677e-07,2.226409386428376e-07,2.1943655947161775e-07,2.2207100678941112e-07,2.203878970049889e-07,2.1806237047415383e-07,0.0,2.1816825527037561e-07,0.1999984494909945,7.790332664646576e-08,2.226409386428376e-07,0.0,2.1899821800506797e-07,0.1999984159871061,1.7329845219107763e-07,0.19999962378898,0.19999899428465182,0.0,2.1733109023293516e-07,1.9531832565045626e-07,2.2526574453897469e-07,1.7579614087887445e-07,2.2001633878248185e-07,0.0
2025-03-07,0.0,1.487668936373932e-07,2.048374265887642e-07,2.241113090240399e-07,0.0,2.2591854796437128e-07,2.2362268315946468e-07,2.2591854796437128e-07,0.0,2.1045080988166813e-07,2.2473972547801917e-07,0.0,1.5370240235891826e-07,2.2645195644884627e-07,2.2439599727028756e-07,2.1883448585683783e-07,0.1999985094778748,2.2432508738083874e-07,7.748597758004604e-08,2.2495375483381584e-07,7.757566653952888e-08,2.187197877202885e-07,2.2591854796437128e-07,2.2355405424750846e-07,2.2553358805645043e-07,2.2422624508967083e-07,6.758613559649345e-08,0.0,2.2287258000069568e-07,0.1999985148892773,0.0,2.2591854796437128e-07,7.749144544365807e-08,2.234983314412377e-07,0.1999984881128449,1.9301552736295856e-07,0.19999945431490243,0.19999895069810064,7.756225361706121e-08,2.2238295882033017e-07,2.0769519871893296e-07,2.2750971836868076e-07,3.3776960356190985e-08,6.915284738501248e-08,0.0
2025-03-10,0.0,1.7759362433299891e-07,5.460121998965583e-08,2.3143444583309828e-07,0.0,2.294989312528392e-07,2.2734216313673842e-07,2.294989312528392e-07,0.0,2.1960426022745527e-07,2.27761584360131e-07,0.0,1.803977657572896e-07,2.3004559475044065e-07,2.2853109272162552e-07,2.2200955148859764e-07,0.19999854479961163,2.2842303641255198e-07,0.0,2.2901087156825812e-07,1.3026597191190718e-07,2.2573339063687037e-07,2.294989312528392e-07,2.2769608639812465e-07,2.3029189566477795e-07,2.2898050215388455e-07,1.236425761675442e-07,7.895058189708754e-08,2.2784310241260741e-07,0.1999985525871944,7.929366627161955e-08,2.294989312528392e-07,0.0,2.2693850897216402e-07,0.19999853133901924,2.0792876529578714e-07,0.19999930355777373,0.19999890067248247,1.297728786651123e-07,2.2721898765395327e-07,2.167672442225417e-07,2.3096782443722054e-07,0.0,0.0,0.0
2025-03-11,0.0,2.020652726753441e-07,1.2006922453658013e-07,2.3795648401053082e-07,0.0,2.3666612070165205e-07,2.3517265113974955e-07,2.3666612070165205e-07,0.0,2.3006686057155114e-07,8.165553621142216e-08,0.0,2.0399138353448695e-07,1.5304594054505194e-07,2.3602477381504906e-07,2.3167336688433299e-07,0.19999857440563495,2.3594905957604894e-07,0.0,2.3623649481532336e-07,1.7050832231727169e-07,2.3417580958277141e-07,2.3666612070165205e-07,2.35464944202234e-07,2.3718530761169442e-07,2.3635418687085944e-07,1.6609811134771556e-07,1.3631963888925685e-07,2.3552949895122414e-07,0.19999858060544295,1.365298761671257e-07,2.3666612070165205e-07,0.0,2.3494347419040834e-07,0.19999856360696885,6.578630863974601e-08,0.19999918138410694,0.19999885907531764,1.7018228564695732e-07,8.170895136686576e-08,2.2820245086135835e-07,2.3769415884435042e-07,0.0,8.366667208413969e-08,0.0
2025-03-12,0.0,2.1315564390781916e-07,0.0,2.3708709269481213e-07,0.0,2.3600068026409582e-07,2.3516997447567503e-07,2.3600068026409582e-07,0.0,2.3179049654834813e-07,1.3286141612566423e-07,0.0,2.1442219481058626e-07,1.8045833926163747e-07,2.3585819340526305e-07,2.3302120070201695e-07,0.19999859762757316,2.3577713501403872e-07,0.0,2.3591948408077438e-07,1.9206441658908205e-07,2.3455215093659219e-07,2.3600068026409582e-07,8.257009380528667e-08,2.3655376816601903e-07,2.360431443476689e-07,1.8921727338993893e-07,1.6930842852216308e-07,2.3546105391257588e-07,0.19999860215466697,1.6945870078364482e-07,2.3600068026409582e-07,0.0,2.3504242038435847e-07,0.1999985887059784,1.216339935093457e-07,0.19999908278646614,0.19999882661604668,1.9187635879179824e-07,1.328724055087811e-07,2.3061037403538438e-07,2.368740167416541e-07,7.84457769963729e-08,0.0,0.0
2025-03-13,0.0,2.2519173587821058e-07,8.280726566172578e-08,2.4198937872136717e-07,0.0,2.4074241636985027e-07,2.4084016238797707e-07,2.4074241636985027e-07,0.0,2.3821615864490594e-07,1.7141280979736775e-07,0.0,2.275129171613272e-07,2.0488143464166076e-07,2.4018778416786853e-07,2.3832648722071998e-07,0.19999862194657594,2.4045615465292576e-07,0.0,2.4168496585059905e-07,2.1132100986627727e-07,2.4090596240203145e-07,2.4074241636985027e-07,1.400783940348722e-07,2.420284754660205e-07,2.4044199986169593e-07,4.692041176503866e-08,1.9810334605150698e-07,2.4164175363474997e-07,0.19999862524384798,1.966707286054974e-07,2.4074241636985027e-07,0.0,2.4128137667832957e-07,0.19999861474487246,1.6340130365567683e-07,0.19999901053803623,0.19999862098474994,5.061212031799264e-08,1.7336952904163642e-07,2.375163142041548e-07,2.4253253640315907e-07,0.0,8.323873523794926e-08,0.0
2025-03-14,0.0,2.2207712097602711e-07,1.2715420125121445e-07,2.3327551608529486e-07,0.0,2.3244418711096336e-07,2.3250982764865658e-07,2.3244418711096336e-07,0.0,2.307599780695064e-07,1.8622401418385328e-07,0.0,2.2362473806013658e-07,2.085370557038984e-07,2.320748737305554e-07,2.3083368680202994e-07,0.19999823162810182,2.3225354883990586e-07,0.0,2.3307265594524724e-07,2.1283015817121228e-07,2.325536890116938e-07,2.3244418711096336e-07,1.6533505478403577e-07,2.3330158995083763e-07,2.322438869789621e-07,0.0,2.040183092465054e-07,2.3304391900138398e-07,0.19999823426540317,2.0306223374683786e-07,2.3244418711096336e-07,0.20000033458558925,2.3280322104121107e-07,0.19999822586671234,1.8088376272046315e-07,0.1999985425006291,0.0,0.0,1.8752939817457733e-07,2.3029383257396912e-07,2.336377054713728e-07,0.0,1.2744183746443002e-07,0.0
2025-03-17,0.0,2.268364750786503e-07,1.6362146860733372e-07,2.342904147068044e-07,0.0,2.3370228490735406e-07,2.3405379164511596e-07,2.3370228490735406e-07,0.0,7.894195794675651e-08,2.028955096057855e-07,0.0,2.2813706636010677e-07,2.1813523280397544e-07,2.334571349443085e-07,2.3262694377725103e-07,0.19999833156441105,2.3358748199994758e-07,7.876355156288006e-08,2.345210133206524e-07,2.2063832423442635e-07,2.3418246044706415e-07,2.3370228490735406e-07,1.8938448934491314e-07,2.343832990018108e-07,2.3358975191436049e-07,0.0,5.75488675143376e-08,2.3452512829413225e-07,0.19999833329176545,2.1420362221444612e-07,2.3370228490735406e-07,0.2000000136660533,2.3394305019581307e-07,0.1999983266859778,1.9936123241167776e-07,0.1999985799989572,7.876817899220817e-08,0.0,2.035820755964586e-07,2.3233008301588e-07,2.3489875817458608e-07,0.0,0.0,7.877533211217631e-08
2025-03-18,0.0,2.3054039268122065e-07,1.8839085004050183e-07,2.3547007731036996e-07,0.0,2.3516646012461914e-07,2.3539789659651292e-07,2.3516646012461914e-07,0.0,1.3195667702352127e-07,2.1463587425714656e-07,0.0,2.314540174086607e-07,2.2477501238168434e-07,2.3500084939481898e-07,2.3444327606299024e-07,0.19999839677300577,2.3508359095306237e-07,1.3187001293921204e-07,2.356604980712003e-07,2.26450928361533e-07,2.355112460475423e-07,2.3516646012461914e-07,2.056170195036446e-07,2.356261804291759e-07,2.350889605870572e-07,0.0,1.1773131576672794e-07,2.3579015169216355e-07,0.19999839814624706,2.2216546844457438e-07,2.3516646012461914e-07,0.19999974251398023,2.3532467051542888e-07,0.19999839290851623,5.4772101391795703e-08,0.19999859557872218,0.0,7.935904373566942e-08,2.1507742481613757e-07,2.342494054632647e-07,2.3596974598510455e-07,0.0,0.0,0.0
2025-03-19,0.0,1.3030827657806126e-07,9.658846728645037e-08,1.342516984493652e-07,0.0,2.7869241950587465e-07,1.341939898322245e-07,2.7869241950587465e-07,0.0,5.144122532995462e-08,1.1758578919311684e-07,0.0,1.3103890964762678e-07,1.2569586591801714e-07,2.785810707499041e-07,2.782104109299274e-07,0.1999985647011661,2.7863759653741247e-07,5.173403060367189e-08,1.344036266499455e-07,2.728822751933358e-07,1.3428368399216768e-07,2.7869241950587465e-07,1.1036918609344448e-07,1.343782676751888e-07,1.3394688747034815e-07,0.0,4.04232539205444e-08,1.3450763788632708e-07,0.1999985658007056,1.2360411014475153e-07,2.7869241950587465e-07,3.1703978695851625e-07,1.3413587108086993e-07,0.1999985616096427,0.0,0.19999872374463648,0.0,0.20000046046268394,1.1793659156695129e-07,2.780807726547965e-07,1.346512046928387e-07,0.0,0.0,0.0
2025-03-20,0.0,2.0337131771427786e-07,1.8089885187987183e-07,2.0601389110217587e-07,0.0,3.02299290216174e-07,2.0597467805798045e-07,3.02299290216174e-07,0.0,1.5079951824259503e-07,1.9489023551901856e-07,0.0,2.0387600685303207e-07,2.003070178750809e-07,3.022274098351172e-07,3.0197987923025753e-07,0.19999867976497895,3.022688672969496e-07,0.0,2.0611171382578436e-07,2.984428202419013e-07,2.0604335380902663e-07,3.02299290216174e-07,1.9008223207508422e-07,2.0610118190971338e-07,2.058104628492589e-07,0.0,1.4345830929390476e-07,2.0617931113181333e-07,0.19999868064677545,1.988966901255788e-07,3.02299290216174e-07,0.1999981689017114,2.059290479502253e-07,0.1999986773052126,1.1651353531560869e-07,0.19999880699991635,0.0,4.37687601470611e-07,1.9513078068142154e-07,3.019092229316934e-07,2.0627930696523622e-07,0.0,0.0,0.0
2025-03-21,0.0,2.151959516252017e-07,1.9997744528094298e-07,2.210100817417536e-07,0.0,2.8596874043286004e-07,2.1807235171707583e-07,2.8596874043286004e-07,0.0,1.6353959292320678e-07,2.0966918320551296e-07,0.0,2.2062147922422626e-07,2.1329611439026066e-07,2.8577369954985326e-07,2.8573250073582014e-07,0.1999986486969473,2.85929483108411e-07,8.401693176344881e-08,2.223195383160564e-07,2.6925294275808574e-07,2.2165571989711933e-07,2.8596874043286004e-07,2.1159193350401314e-07,2.2143807327352044e-07,6.217561077453995e-08,0.0,1.7962929799789676e-07,2.1713032272941934e-07,0.1999986456361995,2.1815343826088266e-07,2.8596874043286004e-07,0.19999824480228043,2.2170845971246994e-07,0.1999986487812166,1.631736954536277e-07,0.19999875972902315,0.0,3.760753015967279e-07,2.1379102446141288e-07,2.8569569194483726e-07,2.2185250518776367e-07,0.0,0.0,0.0
2025-03-24,0.0,2.269551825028677e-07,2.1680918457685964e-07,2.308311184237431e-07,0.0,2.7413719964579517e-07,2.2887276564527993e-07,2.7413719964579517e-07,0.1999979744765816,1.9251749243141163e-07,2.2327017462387538e-07,0.0,2.3057188121471936e-07,2.256883417977051e-07,2.740070388855472e-07,2.739791639552762e-07,0.1999986496315089,2.741107019235949e-07,1.3950295491993913e-07,2.3170416570630598e-07,2.6299262632705175e-07,2.3126165032138923e-07,2.7413719964579517e-07,2.245526221086838e-07,2.3111631043358405e-07,0.0,0.0,4.3998427131272354e-08,2.2824504082360095e-07,0.19999864718267824,2.2892638676485349e-07,2.7413719964579517e-07,3.349456798212421e-07,2.3129668405852034e-07,0.19999864969867376,1.9227362764219612e-07,0.1999987384577411,0.0,3.3420745383055593e-07,2.2601863804874848e-07,2.7395490755642897e-07,2.3139279630680416e-07,0.0,0.0,0.0
2025-03-25,0.0,2.322464377832909e-07,2.2514274717848342e-07,2.3472070484927926e-07,0.0,2.6364299049454574e-07,2.3333957684142407e-07,2.6364299049454574e-07,0.19999812129433805,2.095022906884784e-07,2.3001302319368828e-07,0.0,2.3335572104929526e-07,2.3162321962029952e-07,2.635025093658035e-07,2.6349525930341155e-07,0.19999866123892582,2.635840074052122e-07,1.7382217585524518e-07,2.353124913845456e-07,2.5617354246744554e-07,2.3532517633114745e-07,2.6364299049454574e-07,2.3046122574624527e-07,2.350297517364987e-07,8.107664784352375e-08,8.083237104397791e-08,0.0,2.3258846497657238e-07,0.199998659225656,2.3332037055271324e-07,2.6364299049454574e-07,1.5557707574453608e-07,2.350280371225596e-07,0.199998661354233,2.0913552808919467e-07,0.1999987323784131,0.0,1.651499280466504e-07,2.316453604259503e-07,2.6348008033223957e-07,2.3545174694227112e-07,0.0,0.0,0.0
2025-03-26,0.0,1.9906054622081909e-07,2.811878061266763e-07,5.861090518200584e-08,0.0,2.388163342760997e-07,2.724831947893042e-07,2.388163342760997e-07,0.19999824367060315,2.0104910371792847e-07,2.218422156369889e-07,0.0,1.8192264746840514e-07,2.6950216300941205e-07,2.4047110460591355e-07,2.3996824444682267e-07,0.19999861709795663,2.401176305166209e-07,1.8341596756513392e-07,2.211949190067784e-07,2.3520008955674485e-07,2.3417663802215463e-07,2.388163342760997e-07,2.8815778915819387e-07,2.0981537132255142e-07,1.8656960061558682e-07,0.0,2.914602149397014e-07,2.9338952980057816e-07,0.19999862345423178,2.912466150124853e-07,2.388163342760997e-07,0.0,2.2556175907005255e-07,0.19999871031381106,2.005835518058883e-07,0.19999869088934802,6.39092489641342e-08,3.23051880340489e-09,2.571764137998849e-07,2.399671872058974e-07,2.7237348368737166e-07,0.0,0.0,5.5663251882390416e-08
2025-03-27,0.0,2.1384481900160272e-07,2.6859775137237284e-07,0.0,0.0,2.4035923909217355e-07,2.627917529777403e-07,2.4035923909217355e-07,0.1999983263406411,2.1517209213095932e-07,2.2903103264024888e-07,0.0,2.024218920859199e-07,2.608071648604342e-07,2.414564309826627e-07,2.4112773847383795e-07,0.19999862508065155,2.412263141377381e-07,2.0341888061919323e-07,2.2859949010819615e-07,2.379485208948955e-07,2.3726026575653749e-07,2.4035923909217355e-07,2.732441009830841e-07,2.2101731223590108e-07,2.0551771074509574e-07,0.0,1.299962886750093e-07,2.7673087760504624e-07,0.1999986301654549,2.7530337568783183e-07,2.4035923909217355e-07,8.114154809386109e-08,2.3152203001872867e-07,0.19999869965335954,2.1486056563754343e-07,0.19999868411248545,1.2374570712640534e-07,0.0,2.525872498949907e-07,2.4111849512847523e-07,2.627200431578695e-07,0.0,0.0,0.0
2025-03-28,0.0,2.2235515679985765e-07,2.5950888498441984e-07,8.174976844891373e-08,0.0,2.4012829399309597e-07,2.5413944004619713e-07,2.4012829399309597e-07,0.1999984273461288,2.2249922516216987e-07,2.327316906003802e-07,0.0,5.844538212607146e-08,2.5283731171537916e-07,2.4114698316680374e-07,2.408669529554936e-07,0.199998668175714,2.4071054612474727e-07,2.1535360637481556e-07,2.3257516399599037e-07,2.388139874404946e-07,2.3743919115884088e-07,2.4012829399309597e-07,2.63900509261017e-07,2.2909212186994197e-07,2.159941438853629e-07,0.0,7.373882878075113e-10,2.6386216486316924e-07,0.19999867373433453,2.628986092521034e-07,2.4012829399309597e-07,0.0,2.3452086805197856e-07,0.1999987277263809,2.2493115491214238e-07,0.19999871628797058,0.0,0.0,2.477403562191119e-07,2.406184129317925e-07,2.5089043559796755e-07,0.0,7.974236838117106e-08,8.011347062335307e-08
2025-03-31,0.0,2.2975576475217304e-07,2.539734906150817e-07,1.354081983117975e-07,0.0,2.411590163908681e-07,2.505289175125685e-07,2.411590163908681e-07,0.19999845431540528,2.2993435532401394e-07,2.3678014763380133e-07,8.118193300046331e-08,0.0,2.5017429059468634e-07,2.41476174100279e-07,2.4159762002947314e-07,0.199998646588792,2.415475496968869e-07,2.2451524551475144e-07,2.361984044671393e-07,2.402851093084244e-07,2.396430172063567e-07,2.411590163908681e-07,2.5684470115768246e-07,2.3384927714009416e-07,2.2560743970190155e-07,0.0,0.0,2.5660916731018073e-07,0.19999865182278104,2.5682944687313507e-07,2.411590163908681e-07,0.0,2.3750819838590865e-07,0.19999869430547065,2.3152514843253948e-07,0.19999868584078087,0.0,0.0,2.463031951602998e-07,2.4148633873879376e-07,2.4863672653965185e-07,0.0,0.0,1.3428984705065294e-07
2025-04-01,0.0,2.3279542661872218e-07,2.618672093616018e-07,1.7169542379356574e-07,0.0,2.4241821523963807e-07,2.4927690225226256e-07,2.4241821523963807e-07,0.19999847366285986,2.2739466948866495e-07,2.3951202603400276e-07,0.0,7.95511624577906e-08,2.484630755583828e-07,2.4333446160678325e-07,2.4347635740266276e-07,0.19999860777263595,2.4269210902208626e-07,2.2970897155000174e-07,2.3400625076291915e-07,2.47957188644599e-07,2.50975496678228e-07,2.4241821523963807e-07,2.5356665288843644e-07,2.3987610169754174e-07,2.3267174622970238e-07,0.0,0.0,2.559328274385534e-07,0.19999861242393618,2.524585590158756e-07,2.4241821523963807e-07,0.0,2.3956008286872847e-07,0.1999986692209378,2.3684365617668686e-07,0.1999986413175343,0.0,0.0,2.460095109793506e-07,2.4263023560645246e-07,2.5229995443186297e-07,0.0,0.0,1.7137217618581797e-07
2025-04-02,0.0,2.3717626431169884e-07,2.568506383601703e-07,1.963482165045536e-07,0.0,2.426436293670487e-07,2.47160853498762e-07,2.426436293670487e-07,0.19999849175029805,2.3275168729121395e-07,2.418792605645276e-07,0.0,1.3522158701234474e-07,2.47899028240406e-07,2.432430735990946e-07,2.4333950577563105e-07,0.19999859931862526,2.428112413767133e-07,2.347260855624151e-07,2.376110786909111e-07,2.46591284408358e-07,2.4848657331625995e-07,2.426436293670487e-07,2.5035685639755735e-07,2.409425450926454e-07,8.47508597486971e-08,0.0,8.146456900089487e-08,2.512622736094805e-07,0.19999860255693322,2.49450534036772e-07,2.426436293670487e-07,0.0,2.4091607387367516e-07,0.1999986480133244,2.390031455167306e-07,0.19999862583643419,0.0,0.0,2.4422931248722315e-07,2.4278245613131745e-07,2.4916312145295064e-07,0.0,0.0,1.95530741331701e-07
2025-04-03,0.0,2.42328766272031e-07,2.5544500117351523e-07,2.1510898497095627e-07,0.0,2.460340533217194e-07,2.4899147807636634e-07,2.460340533217194e-07,0.19999844144313786,2.3937649774656575e-07,2.4547368896034735e-07,0.0,1.7435845957173848e-07,2.494789639142573e-07,2.463620943012975e-07,2.464374963344573e-07,0.1999986014661206,2.460956204442331e-07,2.4069340866266066e-07,2.4261517021445327e-07,2.4860185408013963e-07,2.4986008722407885e-07,2.460340533217194e-07,2.511126291450526e-07,2.4484729340875295e-07,0.0,0.0,1.3851742381091194e-07,2.5172408327213657e-07,0.1999986040666485,2.5052409042446505e-07,2.460340533217194e-07,0.0,2.448315519466853e-07,0.19999864042984306,9.078578892736986e-08,0.19999862268922147,0.0,0.0,2.470293375769728e-07,2.460661102197208e-07,2.503146734763636e-07,0.0,8.422306094828648e-08,2.145641998201003e-07
2025-04-04,0.0,2.4363407216523873e-07,2.5284310445219057e-07,2.225463654539128e-07,0.0,2.5034472245770646e-07,2.479261793034185e-07,2.5034472245770646e-07,0.19999846959865572,2.381708158137947e-07,2.4607968761576216e-07,0.0,1.985295930407763e-07,2.490321920519468e-07,2.554482680202466e-07,2.3718263450449768e-07,0.1999986040416014,2.4948283037280226e-07,1.0437204687567775e-07,2.4976759024118393e-07,2.450992565919786e-07,2.4541167867015206e-07,2.5034472245770646e-07,2.482278213025434e-07,2.4584962440129695e-07,8.127668729793722e-08,0.0,1.7479299938824075e-07,2.475802554642568e-07,0.19999860123315796,2.51921705398826e-07,2.5034472245770646e-07,0.0,2.414165264484213e-07,0.19999863001337098,0.0,0.19999861621930365,0.0,0.0,2.43788182183938e-07,2.5084334129844167e-07,2.450930945370412e-07,0.0,1.410227681220264e-07,2.2017469924343713e-07
2025-04-07,0.0,2.424921648981216e-07,9.820566195902177e-08,2.2843425585271478e-07,0.0,2.469661794185599e-07,2.4535462359343716e-07,2.469661794185599e-07,0.1999985219585948,2.388494792920573e-07,2.4412135343444805e-07,0.0,2.1242367123656867e-07,2.4609086528507467e-07,2.5036790855947e-07,2.3819106764502715e-07,0.19999863063329743,2.4639144147476547e-07,0.0,2.4658130147661896e-07,2.434700431552284e-07,2.4367781301353556e-07,2.469661794185599e-07,2.455552642174095e-07,2.439690686221618e-07,0.0,0.0,1.9659957480541924e-07,2.451234706858593e-07,0.19999862838457427,2.480158856334315e-07,2.469661794185599e-07,8.006913741427309e-08,2.410130656874186e-07,0.19999865141187212,8.0069742957061e-08,0.19999864037798543,0.0,0.0,2.425946802417215e-07,2.4729924306950843e-07,2.4346543712407806e-07,0.0,1.7408524888259307e-07,2.2685648811708473e-07
2025-04-08,0.0,2.5246037097581133e-07,0.0,2.430912077923097e-07,0.0,2.554455511791732e-07,1.0554743576004796e-07,2.554455511791732e-07,0.19999860406866524,2.500256800865064e-07,2.5353331726104045e-07,0.0,2.3242401596887556e-07,2.548573046437429e-07,2.577061360761849e-07,2.49589501554926e-07,0.19999869099427325,2.550588326869222e-07,0.0,2.551857019085897e-07,1.0379155618442709e-07,2.53255191752298e-07,2.554455511791732e-07,1.0570328310948824e-07,2.53439178796101e-07,0.0,0.19999890673378967,2.218793527052475e-07,2.542197073539981e-07,0.19999868918710736,1.0764618154620227e-07,2.554455511791732e-07,0.0,1.020510509818443e-07,2.929341856027555e-07,0.0,0.1999986988036124,9.078531822780859e-08,9.078582400888768e-08,1.0332144224193953e-07,2.556675083538546e-07,2.5311503038242336e-07,0.0,4.827323684129728e-08,2.4208179416394286e-07
2025-04-09,0.0,2.4867033555364436e-07,0.0,2.426520255234539e-07,0.0,2.4912754514032726e-07,1.5071670073546863e-07,2.4912754514032726e-07,0.199998609643171,2.489345737676258e-07,2.4832354804778705e-07,0.0,2.3337694003682963e-07,2.4665160713833695e-07,2.508257415475099e-07,2.4564505124689674e-07,0.19999868019678066,2.4819552540440464e-07,0.0,1.0097721782034914e-07,0.0,2.4800174572486907e-07,2.4912754514032726e-07,1.4905499233255964e-07,2.484717120848806e-07,0.0,0.1999988565873496,2.355397137927159e-07,2.4807443412301636e-07,0.19999869017844002,1.6594729546917947e-07,2.4912754514032726e-07,7.924728515748716e-08,1.4860979747915112e-07,1.3115929398860396e-07,7.650887938008892e-08,0.1999987038417296,1.4085238966740492e-07,1.3934494197532168e-07,1.494255116593106e-07,2.461586696360696e-07,2.4485453895423907e-07,0.0,1.0754196720997499e-07,2.3927891318653887e-07
2025-04-10,0.0,2.4421115711586686e-07,0.0,2.401989368278919e-07,0.0,2.4451594713771955e-07,1.789088435131142e-07,2.4451594713771955e-07,0.0,2.443872726786964e-07,2.4397989704147157e-07,0.0,2.3401554133640776e-07,2.428652992695086e-07,2.4564799397678527e-07,2.421942380361363e-07,0.1999984201492302,2.4389459208779325e-07,0.0,1.4574924956275278e-07,7.843121910178652e-08,2.437653204975962e-07,2.4451594713771955e-07,1.7780108538154693e-07,2.440786660797698e-07,0.0,0.19999856126133378,2.3545740217829844e-07,2.438139231011305e-07,0.1999984281345223,1.890624925576037e-07,2.4451594713771955e-07,0.0,1.775042174004026e-07,0.0,1.2943707477900837e-07,0.19999843906524853,1.7233261703368383e-07,1.7132760804957315e-07,0.19999973198048313,2.4253661192930593e-07,2.416672961722314e-07,0.0,1.5012573736820938e-07,2.3795010039142576e-07
2025-04-11,0.0,2.2983366039001609e-07,0.0,7.253088303510265e-08,0.0,2.3003684845264545e-07,1.8629893776032767e-07,2.3003684845264545e-07,0.19999996518914412,2.2995156661241306e-07,2.2968029926968264e-07,0.0,2.2303702452607561e-07,2.28936911092635e-07,2.30791887026788e-07,2.284896177429446e-07,0.19999842496858433,2.296228892513921e-07,0.0,1.6419269503808421e-07,1.1931469922220173e-07,2.2953693293028174e-07,2.3003684845264545e-07,1.8556013750863142e-07,2.2974611223846403e-07,0.0,0.199998537858642,2.239980630458391e-07,2.2956841119686898e-07,0.19999843135722828,1.9306880062823516e-07,2.3003684845264545e-07,6.702681349654188e-08,1.8536296935354762e-07,0.0,1.5331786756828562e-07,0.1999984401002702,1.8191543005972606e-07,1.8124598693187993e-07,1.643605953234289e-07,2.28717777908002e-07,2.281377283154066e-07,0.0,4.726840018145818e-10,2.2566035560890524e-07
2025-04-14,0.0,2.3457788550882974e-07,0.0,0.0,0.0,2.347151655795407e-07,2.0557000173368822e-07,2.347151655795407e-07,0.19999969673269827,2.346154653018595e-07,2.3424142570438314e-07,0.0,2.3003975791275718e-07,2.3400501709754746e-07,2.3523079398983554e-07,2.3368844902216636e-07,0.19999846447340622,2.3441907920800718e-07,0.0,1.908153841763275e-07,5.3223266947487195e-08,2.343326395119227e-07,2.347151655795407e-07,2.0513157559576778e-07,2.3458241593472452e-07,0.0,0.1999985549767972,2.306944277408991e-07,2.3440474712605414e-07,0.19999846969492072,2.10166190125425e-07,2.347151655795407e-07,1.2606657801378577e-07,2.0493008116589487e-07,0.0,1.8358769197785799e-07,0.19999847663726023,2.026624939278132e-07,2.021778369219457e-07,2.8931672540643354e-08,2.3384231218870687e-07,2.3322744095703016e-07,0.0,8.159746092877754e-08,2.3186116366921463e-07
2025-04-15,0.0,2.3612103394318044e-07,0.0,0.0,0.0,2.3621187765851386e-07,2.1678158867592057e-07,2.3621187765851386e-07,0.1999994690371366,2.3614683910850826e-07,2.358984737553307e-07,0.0,2.3309455652502494e-07,2.3573964762202323e-07,2.3655695969906386e-07,2.3552838692013212e-07,0.19999848323419278,2.360152870028618e-07,7.973511147292659e-08,2.0694606574300854e-07,1.1521683641862238e-07,2.3595718295276352e-07,2.3621187765851386e-07,2.1648951468079718e-07,2.3612494846079966e-07,0.0,0.19999855362158045,2.3353046411342252e-07,2.3600482625079196e-07,0.19999848741249848,2.1984841555288537e-07,2.3621187765851386e-07,0.0,2.1635700462355045e-07,0.0,2.0212776296150946e-07,0.19999849296215466,2.1484560557176088e-07,2.1452282042764142e-07,0.0,2.356306666872986e-07,2.3522005600783717e-07,0.0,1.341338224575694e-07,2.3431004853102221e-07
2025-04-16,0.0,2.5833844656626873e-07,0.0,0.0,0.0,2.58398098000278e-07,2.454436291524492e-07,2.58398098000278e-07,0.1999990515792341,2.5835727302403403e-07,2.581929676323186e-07,0.0,2.5631921277978876e-07,2.580843901050788e-07,2.58629615029446e-07,2.579435996415488e-07,0.19999826293958975,2.582677253555242e-07,1.5408097006416956e-07,8.68012705229463e-08,1.7773456821566948e-07,2.5822784153147353e-07,2.58398098000278e-07,2.4525003149450727e-07,2.583417924669906e-07,0.0,0.0,2.566092995134737e-07,2.582597486714476e-07,0.1999982662840674,2.4749312095078664e-07,2.58398098000278e-07,1.0092673237916881e-07,2.451636828817553e-07,0.1999988294178018,2.3567723400795846e-07,0.1999982707202841,2.4415683753112174e-07,2.43941430904235e-07,0.0,2.5801084474927567e-07,2.577362222015991e-07,0.0,1.903468034195691e-07,2.571303402351247e-07
2025-04-17,0.0,9.270395805811923e-08,7.166153321303664e-08,0.0,7.16624157585939e-08,2.43928791150203e-07,8.238618108442948e-08,2.43928791150203e-07,0.1999988265448121,2.4390381707271866e-07,9.259193705278062e-08,7.166711548550548e-08,2.425450447293127e-07,2.437235893111639e-07,2.440792986478589e-07,2.4362530237397015e-07,0.1999981956395589,2.4384452444439683e-07,9.289876159055676e-09,1.2953027629539794e-07,1.9015746533853307e-07,0.1999991446236471,2.43928791150203e-07,8.223366419201864e-08,2.438934820165782e-07,7.166807742191074e-08,7.166720582597119e-08,2.42734885999335e-07,9.263678219418514e-08,0.19999819832115456,2.366634432589605e-07,2.43928791150203e-07,0.0,2.351107863425445e-07,2.5270621712560745e-07,2.2878584987986135e-07,0.0,2.3443571927257876e-07,2.3429744105750685e-07,7.166063403798136e-08,2.436716010483901e-07,2.4348459720549586e-07,7.166578779818576e-08,1.9856401635623544e-07,0.1999993299021367
2025-04-18,0.0,0.0,8.378443595063473e-08,0.0,8.378433797935437e-08,1.9862546029751465e-07,9.092927191517251e-08,1.9862546029751465e-07,0.19999870894677696,1.9861613305415303e-07,0.0,8.378840932651247e-08,1.9769942410958124e-07,3.80944113686497e-08,1.9872927458133528e-07,1.9843032445792731e-07,3.0071769993081546e-08,1.9857156119458746e-07,0.0,1.2236160604699418e-07,1.6276863064161444e-07,0.19999896339870257,1.9862546029751465e-07,0.0,1.9860278567061256e-07,8.378976462592326e-08,8.379328958232702e-08,1.9783221555920893e-07,9.776899084509397e-08,0.19999820637658552,1.9379660619214265e-07,1.9862546029751465e-07,0.20000021914070534,1.9275206837897926e-07,2.044704638318785e-07,1.885344485566344e-07,0.0,1.9230365119460376e-07,1.9221287787152668e-07,8.378253093202507e-08,1.9844707021665636e-07,1.9832955712299655e-07,0.0,1.9691916686488064e-09,0.1999991116192855
2025-04-21,0.0,0.0,8.362844995467599e-08,0.0,8.362815075958962e-08,1.601879869925321e-07,8.839033829285098e-08,1.601879869925321e-07,0.19999850632253197,1.6018308195154742e-07,0.0,8.363084586854076e-08,1.5957132998691204e-07,0.0,1.6025767755624847e-07,1.6005810289988422e-07,4.7819757146570395e-08,1.6015228112249915e-07,0.0,1.0934584501384612e-07,1.3628479253186183e-07,0.0,1.601879869925321e-07,2.7770771972029832e-08,1.6017381938719726e-07,8.363154716508744e-08,8.363438273135207e-08,1.5965885681308556e-07,0.0,0.1999981042713543,1.5697004884086077e-07,1.601879869925321e-07,0.19999971447845866,1.5627318736994503e-07,1.6408490726926975e-07,1.5346098841917022e-07,0.20000107151700333,1.5597492280583565e-07,1.559147448562332e-07,8.362676823701941e-08,1.600692332026077e-07,0.0,0.0,0.0,0.19999882846287162
2025-04-22,0.0,0.0,1.282802375253171e-07,0.0,1.2829202608456323e-07,1.7931833743356096e-07,1.3145440631770956e-07,1.7931833743356096e-07,0.1999984885286593,1.793170993508385e-07,7.252866582362791e-08,1.2828253718931057e-07,1.7890267040628644e-07,0.0,1.7936608394733864e-07,1.792354625498074e-07,1.0442712230757164e-07,1.7929598016486663e-07,0.0,1.4543042906461373e-07,1.6338447480093935e-07,0.0,1.7931833743356096e-07,9.104216675237784e-08,1.7932645566309726e-07,1.2828279490948742e-07,1.2830009844101532e-07,1.7898314274981534e-07,0.0,0.1999981668868758,1.7718192694820746e-07,1.7931833743356096e-07,0.19999945620365336,1.7671034760846497e-07,1.825091014957401e-08,1.748344474709073e-07,0.20000054070130213,1.7651056979125986e-07,1.7647143023803073e-07,1.282816354800358e-07,1.7925517660744365e-07,7.25307398012711e-08,0.0,0.0,0.1999987462461216
2025-04-23,0.0,0.19999791649532467,2.0222351032637479e-07,0.0,2.0223133677195206e-07,2.362489225741702e-07,2.043395661187743e-07,2.362489225741702e-07,0.19999864646598645,8.362996260214104e-08,0.0,2.022249981749036e-07,2.3597174031867476e-07,0.0,2.3628069741740072e-07,2.3619359736078066e-07,1.863214019284781e-07,2.3623396055580614e-07,0.0,2.1365695057399285e-07,2.2562612094965165e-07,1.1670321708707306e-07,2.362489225741702e-07,1.773982884525668e-07,2.3625415036424405e-07,2.0222512444831715e-07,2.0223670844411135e-07,2.3602540259473092e-07,0.0,0.1999983891526565,2.3482446302032146e-07,2.362489225741702e-07,0.1999994206056203,2.3451019034029813e-07,1.2887061272759983e-07,2.3325964023681032e-07,4.5524388494073586e-07,2.3437683741879924e-07,2.343508114613918e-07,2.0222439660527485e-07,2.3620653864061365e-07,0.0,0.0,0.0,0.19999885263961192
2025-04-24,0.0,0.19999807694267288,5.336357886939617e-08,0.0,2.1454237266786832e-07,2.3727340793452388e-07,2.159663480069295e-07,2.3727340793452388e-07,0.1999986608374487,0.0,0.0,2.1402439130978155e-07,2.3709185842524702e-07,0.0,2.372555872028403e-07,2.373908525158934e-07,2.0411579611316694e-07,2.3715322667181918e-07,7.975020822592134e-08,2.225148595861368e-07,2.3020912187440353e-07,1.5793632226332952e-07,2.3727340793452388e-07,1.9815316226543018e-07,2.3732580282841507e-07,2.148543714999808e-07,2.1490440209057856e-07,2.370182483938114e-07,7.964947057916718e-08,0.19999845498228835,2.364411576522545e-07,2.3727340793452388e-07,0.19999927962276948,2.3612884603657547e-07,1.6522306231670738e-07,2.3506704785683167e-07,3.832549474588111e-07,8.383424149739815e-08,2.3628199880802445e-07,2.1496274613839269e-07,2.3720007488872469e-07,0.0,0.0,0.0,0.1999988269060848
2025-04-25,0.0,1.521469759013747e-07,0.19999831360208628,0.0,2.1532731165371125e-07,2.3048387883429815e-07,2.1627930150641088e-07,2.3048387883429815e-07,0.19999865970407235,7.230181907042555e-08,0.0,2.1498543560947475e-07,2.3036311342727867e-07,0.0,2.304735247245157e-07,2.3055944892958918e-07,2.0837820681953015e-07,2.304053829282094e-07,0.0,2.2064248955044208e-07,2.257728176586991e-07,1.7759229041882027e-07,2.3048387883429815e-07,2.044044812094782e-07,2.3051949478710846e-07,2.1553687107586068e-07,2.1557230131439846e-07,2.303148470607956e-07,0.0,0.1999984950179996,2.2993042614275491e-07,2.3048387883429815e-07,0.19999915472883095,2.2971927696921593e-07,1.8245001396321775e-07,2.2901549511863746e-07,1.9338971349029963e-07,1.281927221671336e-07,2.2982453795144532e-07,2.1561114860391752e-07,2.3043708037694582e-07,7.230412206781935e-08,0.0,0.0,0.19999879255984476
2025-04-28,0.0,0.0,0.19999839208404888,0.0,2.0792308887405335e-07,2.1802835769193936e-07,2.0855861063020611e-07,2.1802835769193936e-07,0.1999986689643343,0.0,0.0,2.0769673824173943e-07,6.154297574619022e-08,0.0,2.1802290998221692e-07,2.1807932551054492e-07,2.0329236899324815e-07,2.1797586469788935e-07,0.0,2.1146759667841785e-07,2.1488839062768603e-07,1.8276793681618585e-07,2.1802835769193936e-07,2.0064147577937646e-07,2.1805382983231116e-07,2.0806450983713227e-07,2.080900937615733e-07,0.19999848485560104,0.1999999113577991,0.19999853721766658,2.1766142911306063e-07,2.1802835769193936e-07,1.989263538314583e-07,2.175196682229946e-07,2.3214820073430843e-08,2.1705000634036158e-07,1.9329842204426585e-07,1.4983538879752686e-07,2.175908387172337e-07,2.0811399733923907e-07,6.160549384135374e-08,1.1257423543973688e-07,6.437375408587753e-08,6.437175066000619e-08,2.0020424470985172e-07
2025-04-29,0.0,0.0,0.19999849839385123,0.0,2.3522597341292745e-07,2.419627880816483e-07,2.3564960126498502e-07,2.419627880816483e-07,0.19999871989785725,0.0,0.0,2.3507504778863534e-07,0.0,0.0,2.419591285147088e-07,2.419968152409789e-07,2.3213886726558496e-07,2.419278054788083e-07,0.0,2.3758896196895666e-07,2.3986955190007384e-07,2.1845585577275217e-07,2.419627880816483e-07,2.303715249859374e-07,2.4197980813576264e-07,2.3532027665474195e-07,2.3533735056098194e-07,0.19999857261098034,4.4079155990739994e-07,0.1999986145007283,2.4171818089765406e-07,2.419627880816483e-07,2.2922810366458766e-07,2.416237013990402e-07,1.1208726018379926e-07,2.4131057783813276e-07,2.2547612895293214e-07,1.9650091671870063e-07,2.416711661600978e-07,2.3535317700575097e-07,1.3768093535228164e-07,1.7166007380869546e-07,0.19999837866602246,0.0,2.3008005714692673e-07
2025-04-30,0.0,0.0,0.1999984150706487,0.0,0.20000040019700716,2.0514651879822704e-07,2.0093845500389133e-07,2.0514651879822704e-07,0.19999859227022448,0.0,4.3837614625007124e-08,2.0055435472324654e-07,0.0,0.0,2.0514504443208263e-07,2.0517037680977757e-07,1.985968151505984e-07,2.0512311425833445e-07,0.0,2.0223095988866797e-07,2.0375297939309858e-07,1.8947692883417284e-07,2.0514651879822704e-07,1.9741857225564406e-07,2.0515836568458173e-07,2.0071988491927013e-07,2.0072853275438395e-07,4.627241447442838e-08,2.0513182922600973e-07,0.19999850795356588,2.0498303418412452e-07,2.0514651879822704e-07,1.9665704749793205e-07,2.0492046512796233e-07,1.1856371800732597e-07,2.0471170783867e-07,3.2879907093448586e-08,1.7483897877097253e-07,2.0495254015727202e-07,2.007405305582253e-07,1.3562640148677816e-07,1.5827884724506912e-07,0.19999831928652595,0.0,1.972255321499693e-07
2025-05-01,0.199998523663004,7.527573784241584e-08,0.1999985248925848,0.0,0.20000011300024306,2.1204381943726638e-07,2.092351895708566e-07,2.1204381943726638e-07,7.704920454420332e-08,0.0,0.0,2.089648408535419e-07,7.526962608251563e-08,7.526475383820797e-08,2.1204679339591917e-07,2.1204732214931557e-07,2.0766263162067383e-07,2.1201517682207066e-07,7.52894835599454e-08,2.1009111924559427e-07,2.11089031879711e-07,2.015941027041957e-07,2.1204381943726638e-07,4.8286676617154985e-08,2.120369530519493e-07,2.0908467808335253e-07,2.0907860577071873e-07,1.0612052898305605e-07,5.446462572861613e-08,0.199998599189197,5.4312722872220195e-08,2.1204381943726638e-07,2.0636924380946303e-07,2.118744760662548e-07,1.543110050569464e-07,2.1174121750249365e-07,0.0,1.9181351823081094e-07,2.118836715523075e-07,2.0910879671315677e-07,1.6569272913189078e-07,1.6976785706842858e-08,0.19999844827184146,0.0,2.067556031093992e-07
2025-05-02,0.0,8.091595615242447e-08,0.1999984717696328,0.0,0.1999997422596936,1.720962789576545e-07,1.7022130100487995e-07,1.720962789576545e-07,0.0,3.07220019033965e-08,0.0,1.7002990807933388e-07,8.090937711417887e-08,8.090129112775028e-08,1.720910827667504e-07,1.7209842789289623e-07,1.6916295675966623e-07,1.720653839149817e-07,8.092772666911662e-08,1.7079449539023375e-07,1.7145865947851142e-07,0.0,1.720962789576545e-07,0.0,1.720763755638792e-07,1.7011724493663694e-07,1.7009707389068468e-07,1.0148101672704252e-07,6.704163540539108e-08,0.19999853119391803,0.20000073139288,1.720962789576545e-07,1.68295514273579e-07,1.719689850291083e-07,1.3360517317647154e-07,1.7188933290327133e-07,3.0733184292386946e-08,0.0,6.224724733406697e-09,1.7013124058312842e-07,0.0,0.0,0.19999841047541625,0.0,1.6856227361624893e-07
2025-05-05,6.419480208056396e-08,1.182117255796788e-07,0.1999984873563529,0.0,2.181748961710447e-07,1.790329670664603e-07,1.777645185857e-07,1.790329670664603e-07,6.432947251102135e-08,0.0,6.417328958959787e-08,1.775974224225476e-07,1.1820092154038777e-07,1.1818657757583943e-07,1.7908742598448938e-07,1.7900792598727792e-07,1.7701661411124812e-07,1.7896544310378224e-07,1.1828283674569391e-07,1.7815530360588194e-07,1.7856847090014826e-07,0.19999926099564308,1.790329670664603e-07,0.0,1.7891500518690688e-07,1.7767211971151023e-07,1.3154378311384647e-08,1.3195264629952978e-07,1.0899470281040583e-07,0.199998534795587,0.2000002949574584,1.790329670664603e-07,1.7642235082782943e-07,1.7888254655891008e-07,1.5333647763558255e-07,1.7882388367986571e-07,8.479463028299787e-08,0.0,0.19999876943567382,1.3370421249657332e-08,0.0,0.0,2.1803323271309266e-07,0.0,1.2056374636258773e-08
2025-05-06,2.241868747431734e-07,1.1213043067727371e-07,0.1999988077573543,1.795724216903877e-08,1.9445551758251935e-07,1.6188136928461255e-07,1.6242164169322483e-07,1.6188136928461255e-07,6.931958542249509e-08,1.7855651388356042e-08,7.026661295900975e-08,1.602025818281082e-07,1.0913097350823572e-07,1.124997440644012e-07,1.6122772532941477e-07,1.6293152244823563e-07,2.994020103260803e-07,1.60384816892486e-07,1.1401301294721717e-07,1.61018202312565e-07,1.62669583900822e-07,0.19999942666996023,1.6188136928461255e-07,1.7855431693998332e-08,1.6466328527154185e-07,1.599923388613372e-07,2.8378652757983507e-08,2.693595213185744e-07,1.0167966034375313e-07,0.19999884570850046,6.432304864726661e-07,1.6188136928461255e-07,1.592876004664363e-07,0.19999835184186326,1.4226354711276302e-07,1.6091486263920122e-07,8.319472255463999e-08,1.7963208460566764e-08,0.19999903342141778,2.8552364179298432e-08,1.8139101033498374e-07,1.785610819999886e-08,1.93060765652205e-07,1.7856045187802503e-08,2.7501085037408555e-08
2025-05-07,2.2406199053675395e-07,1.4935773761482575e-07,0.19999881241497436,8.65756522636705e-08,2.0424109704538357e-07,1.825250072275905e-07,1.8288519403683469e-07,1.825250072275905e-07,0.0,0.0,1.2145234080735973e-07,1.8140582011829047e-07,1.4735810363716454e-07,1.4960394835450385e-07,1.820892557775758e-07,1.8322511009167695e-07,2.742053807859105e-07,1.8152731070627242e-07,1.5061279094576886e-07,1.8194956814482125e-07,1.830504838810117e-07,0.19999930754478804,1.825250072275905e-07,0.0,1.8437962642272477e-07,1.7518624720299655e-08,0.0,2.541770684453431e-07,1.423905613168363e-07,0.19999884277581062,4.0410883097808946e-07,1.825250072275905e-07,1.8079583498956917e-07,0.19999844768305056,1.6944647041966155e-07,1.8188067224807868e-07,1.300672795910344e-07,8.65796346705317e-08,0.19999899294605786,9.363906631165228e-08,3.4637571993663953e-08,0.0,2.0331126260382206e-07,0.0,0.0
2025-05-08,2.6350874132637216e-07,2.1369342413412365e-07,0.19999874078141586,6.078954694675899e-09,2.502821979288344e-07,8.375008548404375e-08,2.3603913673069745e-07,8.375008548404375e-08,1.1411444220605154e-07,0.0,1.9509863705231593e-07,8.285839763656138e-08,2.1235334207057623e-07,6.127768489307878e-08,2.3550590933844298e-07,2.3627827721643618e-07,1.5627719373998098e-07,2.3513512512084227e-07,2.145227924537342e-07,2.3542882374442505e-07,2.3615601613842537e-07,0.1999991368651163,8.375008548404375e-08,0.0,1.4677330206377681e-07,0.0,0.0,2.835654614385333e-07,2.0903963766904684e-07,0.1999987650736261,2.6011900918051747e-07,8.375008548404375e-08,5.32846778940856e-08,0.0,7.368940431797841e-08,2.3537478284776503e-07,4.231775899397194e-08,6.095140947694181e-09,0.19999888519835946,1.2639562689458156e-08,0.0,0.19999937990690217,2.4966540375452164e-07,0.0,0.0
2025-05-09,2.3017512514557718e-07,1.9697057002561496e-07,0.199998644106951,0.0,6.551749415898887e-08,1.1034197819641644e-07,2.1186716917987717e-07,1.1034197819641644e-07,0.20000034817759743,5.45048071794053e-08,1.8456874331277571e-07,1.0974267184297004e-07,1.960750370204158e-07,9.535720625951442e-08,2.1151116386666294e-07,2.1202350237620806e-07,0.0,2.1126253299517472e-07,1.9752734041888115e-07,2.1145943470262328e-07,2.1193765660197043e-07,0.19999896097688674,1.1034197819641644e-07,0.0,1.523530277644191e-07,5.45056808199026e-08,0.0,9.214727217423988e-08,1.9387060273740268e-07,0.1999986635406406,2.2791569060434147e-07,1.1034197819641644e-07,9.0028304789263e-08,0.0,1.0363115298075664e-07,2.1142261988397263e-07,8.272190174652767e-08,5.8566513011181e-08,0.19999875963610012,0.0,0.0,9.358042892368944e-08,2.2094926072265528e-07,0.0,0.0
2025-05-12,1.69084661192573e-07,1.470293109195243e-07,0.19999843789292193,0.0,5.9394526100579886e-08,8.929209563172435e-08,0.20000155598252617,8.929209563172435e-08,0.19999980120072453,0.19999882339507905,1.3867537252153662e-07,8.88210301950026e-08,0.0,0.0,1.5674660994808634e-07,1.5706058079873202e-07,0.0,1.5654575140732838e-07,1.474433959429982e-07,1.5671287821429522e-07,1.5690883780964418e-07,0.0,8.929209563172435e-08,0.0,0.0,5.2045125233673306e-08,0.0,0.0,1.450031920998251e-07,0.0,1.675882204947783e-07,8.929209563172435e-08,7.570331677642123e-08,1.5668329028916058e-08,8.481066975835665e-08,0.0,7.090086567066342e-08,0.19999859000146683,0.0,1.5731218590757488e-08,1.5723313858129574e-08,7.812052518751318e-08,1.6297271269631243e-07,1.566745435525352e-08,0.0
2025-05-13,1.736130292823735e-07,1.589075700130494e-07,0.1999984477808531,0.0,1.0048577674534861e-07,1.204151881958961e-07,0.2000009422502681,1.204151881958961e-07,0.19999953842312268,1.370804523182948e-06,1.5334083583719766e-07,1.201022239116632e-07,6.088829371930929e-08,0.0,1.6538849903137448e-07,1.6559544042834787e-07,6.088924309023612e-08,0.0,1.5918290247218465e-07,1.6536402767112272e-07,1.6549076395934538e-07,6.089116245900496e-08,1.204151881958961e-07,0.0,6.089321015203639e-08,9.55860324679586e-08,6.089234491098993e-08,0.0,1.5755516141351676e-07,0.0,7.160663324598672e-09,1.204151881958961e-07,1.113595608802972e-07,7.133517795014281e-08,1.1742963314171281e-07,0.0,1.0815255203854387e-07,2.0469300929977917e-07,0.19999783636077684,7.137758285236363e-08,0.0,1.1296667741314972e-07,1.6953805386502022e-07,0.1999982627491754,6.089009965111085e-08
2025-05-14,1.8638126565505858e-07,1.7658084700907377e-07,0.1999984684082789,0.0,1.3763147653182176e-07,1.5092016185399977e-07,2.0877349678211103e-07,1.5092016185399977e-07,0.19999934092480257,9.845084714703608e-07,1.728654936373521e-07,1.50705490604348e-07,1.1123164454036466e-07,0.0,1.8089909802180924e-07,1.8103989157173145e-07,1.1123328230497582e-07,0.19999840688267545,1.767664517808079e-07,1.808854229484431e-07,1.809671858874243e-07,1.1123338387545372e-07,1.5092016185399977e-07,0.20000014509524813,0.0,1.3436668940119023e-07,1.1123105723441643e-07,0.0,1.756789403672639e-07,0.0,0.0,1.5092016185399977e-07,1.4488109203071712e-07,1.1819860691688393e-07,1.4892555723793936e-07,0.0,0.0,4.8515900552364323e-08,2.0859710791467008e-07,1.1822684188796544e-07,7.06381951277735e-08,0.0,1.8366552720498656e-07,0.19999832037892912,0.0
2025-05-15,1.996006507108711e-07,1.9309231400550658e-07,0.1999981445593999,0.0,1.6711919012123993e-07,1.75995314725929e-07,2.1456232545078726e-07,1.75995314725929e-07,0.0,7.316934853943238e-07,1.9058801615602275e-07,1.7583788234315648e-07,1.49526956072722e-07,0.0,1.9599002728012686e-07,3.527160401506564e-08,1.4952507804929708e-07,0.0,1.9323952972528267e-07,3.515417739429274e-08,1.960069536858699e-07,1.4953621353847467e-07,1.75995314725929e-07,0.19999948593185476,0.0,1.6493013803459593e-07,1.4950919352290304e-07,7.538288291002854e-08,1.9251251570318278e-07,0.19999932415623656,0.0,1.75995314725929e-07,1.7195091959548187e-07,1.5414657558992102e-07,1.7465220808610636e-07,7.536266531787108e-08,0.0,1.0770319200413125e-07,2.1440659109648078e-07,1.5420811905133108e-07,1.224687176213491e-07,0.19999938343581736,1.9780597570666035e-07,0.1999980261503342,0.0
2025-05-16,2.3338421833765086e-07,2.2904135493403364e-07,0.19999804823701536,0.0,2.1171318049474398e-07,2.176364750474559e-07,2.4334114914247295e-07,2.176364750474559e-07,0.0,5.881117704308018e-07,2.2738132502445064e-07,2.1753233125707328e-07,1.9998995524833055e-07,0.0,2.3093250273317199e-07,0.0,1.9999177594954435e-07,1.0030162000903092e-07,2.2913350252464092e-07,1.237488939687753e-07,2.3096348154042168e-07,1.9996220255492508e-07,2.176364750474559e-07,0.19999912132845807,0.0,5.2409164231474294e-08,1.999831310140626e-07,1.5055376373382617e-07,2.286475521273722e-07,0.0,0.0,2.176364750474559e-07,2.1494907965547885e-07,4.3787565576604317e-08,2.1673915784665677e-07,1.505601218612878e-07,0.0,1.721065855086193e-07,2.4324394023721904e-07,2.0308435400448158e-07,1.819187333437132e-07,0.1999990393191697,2.3218411259307052e-07,0.19999795349215208,0.1999992113797785
2025-05-19,2.6853745430783874e-07,2.2935247997350004e-07,0.19999811434476816,0.0,2.0094135036110293e-07,2.1824666924348542e-07,7.426271619162887e-07,2.1824666924348542e-07,0.0,4.445436531358254e-07,2.642789647144278e-07,2.216012100305294e-07,1.6824961005640064e-07,0.0,1.9333107771676215e-07,0.0,1.6687589412501913e-07,1.309512711792079e-07,2.0917332668227697e-07,0.0,2.1500307933550001e-07,1.7175176607282396e-07,2.1824666924348542e-07,0.19999896821189886,7.386900825408915e-08,0.0,2.0730676389224582e-07,1.5781691493943058e-07,2.613883818785086e-07,6.482116944015412e-08,0.0,2.1824666924348542e-07,2.515808650711618e-07,0.0,2.1763636288178652e-07,1.378903761502367e-07,0.0,1.8879068743267877e-07,2.3329878864404643e-07,2.6011282940790725e-07,1.5836892907033363e-07,0.19999890862963024,2.1198891623201174e-07,0.19999804115979072,0.19999904257794213
2025-05-20,2.5940754029750554e-07,2.341522315637225e-07,0.19999823228010397,0.0,2.1245426966658873e-07,2.2573993846623867e-07,5.753617335924031e-07,2.2573993846623867e-07,0.0,3.784964170025983e-07,2.5599010271579817e-07,2.2755623664593376e-07,1.9081529605969303e-07,0.0,2.104022346805167e-07,8.11496444834957e-08,1.9269648114775944e-07,0.0,2.2093831013306708e-07,8.133871970754138e-08,2.2454821358256537e-07,1.9562497471481898e-07,2.2573993846623867e-07,0.1999989163693246,1.3007083749299916e-07,0.0,2.1913180995810713e-07,1.8632517891113392e-07,2.55699145627474e-07,0.0,0.0,2.2573993846623867e-07,2.477855466596532e-07,0.0,7.381959639381435e-08,1.728936629032758e-07,0.0,2.06173871990696e-07,2.3685856167939527e-07,2.546842149877847e-07,1.857451570380526e-07,0.19999886635152753,2.230287070689558e-07,0.19999817380851423,0.19999897508107897
2025-05-21,2.5849965205256443e-07,2.4166236090494156e-07,0.19999837701022505,0.0,2.2719901265718042e-07,2.3605430575117206e-07,4.691369123819294e-07,2.3605430575117206e-07,0.0,2.0549930223272388e-07,2.5622036981379846e-07,2.372658959646732e-07,5.535683833159666e-08,0.0,2.258357109086447e-07,0.0,2.1402538953594784e-07,0.0,2.3285249976866007e-07,1.3978627087529002e-07,2.352630705848691e-07,2.1598564977556693e-07,2.3605430575117206e-07,0.19999892428129465,1.7227703823928973e-07,8.556238804372814e-08,2.316499215001307e-07,2.097794586058061e-07,2.560269861435639e-07,0.19999801825720584,8.556287842923313e-08,2.3605430575117206e-07,2.507506255125251e-07,8.556153701486269e-08,0.0,2.008221422778234e-07,0.0,2.2301162319173472e-07,2.434696241252069e-07,2.553554628973469e-07,2.093988875710088e-07,0.1999988842690979,2.3424725517826112e-07,0.19999833023545202,5.636637370719765e-07
2025-05-22,2.419605516770181e-07,2.3073890828323114e-07,0.1999983543975906,0.0,2.2109569176855847e-07,2.2699803478057484e-07,0.19999854039074946,2.2699803478057484e-07,0.0,4.7978288082354254e-08,2.4043935227234733e-07,2.2780267853282625e-07,0.0,6.962773150111812e-08,2.2018283770405516e-07,6.962848472278276e-08,2.123097917596975e-07,0.0,2.2486453460603627e-07,1.6281906652720265e-07,2.2646829046452865e-07,2.1361697552851186e-07,2.2699803478057484e-07,2.3530806700131484e-07,2.139767873317579e-08,1.2667074298164342e-07,2.2405924444904305e-07,2.0948054376120795e-07,2.40313278036168e-07,0.0,0.19999942667828285,2.2699803478057484e-07,2.3679375995772871e-07,1.266685710315888e-07,0.0,2.035092288411378e-07,0.0,2.182996393831772e-07,2.3193804169499057e-07,2.3986296013711645e-07,2.0922505678590916e-07,0.19999876020226684,2.257946782682185e-07,0.19999831697500828,3.345082884048786e-07
2025-05-23,2.4973072943944265e-07,2.422491836503793e-07,0.1999981695460618,0.0,2.3582028320139277e-07,2.397552577568898e-07,0.1999983183399745,2.397552577568898e-07,0.0,0.0,2.4871722903785425e-07,2.4029226417988947e-07,0.0,0.0,2.3521221872837057e-07,1.3484253751593846e-07,2.2996342727373306e-07,0.0,2.3833280807283397e-07,1.9696943669224346e-07,2.394021901831748e-07,2.3083479828230464e-07,2.397552577568898e-07,2.4529522175009403e-07,1.0268922057270022e-07,1.728708470748207e-07,2.3779706099003802e-07,0.20000004276349712,2.486320209824986e-07,0.0,0.0,2.397552577568898e-07,2.4628618183045506e-07,1.7286966545043745e-07,0.0,2.24096285192097e-07,0.0,2.3395705395306812e-07,2.4304943880169945e-07,2.4833221227201323e-07,2.2790701049478428e-07,0.19999849418887627,2.3895321269236003e-07,0.19999813960801563,3.1142900497736836e-07
2025-05-26,2.455385225446984e-07,2.4654348298976304e-07,0.1999982616093803,0.0,2.3807803946045027e-07,2.4069223353852954e-07,0.19999837957778696,2.4069223353852954e-07,0.0,0.0,2.466302402493139e-07,2.3878108000900107e-07,0.0,0.0,2.3716734819045447e-07,1.703900772449253e-07,2.3405763254223423e-07,0.0,2.3963819788157836e-07,2.1307757062179685e-07,2.41571619419118e-07,2.3197110018374315e-07,2.4069223353852954e-07,2.4457733114320007e-07,1.4691062970393876e-07,1.9685113526126547e-07,2.399222459516574e-07,0.19999976173853085,2.494711479490039e-07,8.122561042001772e-08,8.076957690966635e-08,2.4069223353852954e-07,9.164299278057655e-08,1.9612916668977502e-07,0.0,2.3028181485165403e-07,0.0,8.186435748342207e-08,2.43346713544813e-07,2.455207261175871e-07,2.329247316015683e-07,0.19999852244575608,2.3908200463785076e-07,0.19999823968519415,2.8820832088015406e-07
2025-05-27,2.449442664708327e-07,2.4565061990953445e-07,0.1999983764213337,0.0,2.4002229005078815e-07,2.41761124151524e-07,4.413489123021177e-07,2.41761124151524e-07,0.0,0.0,2.45646317227162e-07,2.404505840302795e-07,0.0,0.19999787966895063,2.394389683986622e-07,1.9487067931472181e-07,2.373346880847314e-07,8.128486341710104e-08,2.4108415683161e-07,2.233581740140972e-07,2.423099156626277e-07,2.3595403153575178e-07,2.41761124151524e-07,2.4434148089151107e-07,1.513331599099629e-08,2.1252404892992321e-07,2.4118737351810994e-07,0.19999957657044698,2.476414353194394e-07,0.0,1.351082161042683e-07,2.41761124151524e-07,1.423714524048824e-07,5.446408127884132e-08,0.0,2.3482429818355276e-07,0.0,1.3584249314167001e-07,2.435229938170477e-07,2.4498422884033805e-07,2.365909300440345e-07,0.1999985851338466,2.406247951769117e-07,0.19999835887410733,2.7342620708202846e-07
2025-05-28,2.559514396845587e-07,2.5642208669262865e-07,0.19999817796832747,0.0,2.526696236786378e-07,2.538293010641434e-07,2.6430608810627877e-07,2.538293010641434e-07,9.26550263575279e-08,0.0,2.564192531299393e-07,2.5295473813997456e-07,0.0,0.1999977805671763,2.5228048129266754e-07,2.2256930826734844e-07,2.5087800644350084e-07,1.468438946391177e-07,2.53377980976815e-07,2.4156102076090446e-07,2.541935651669833e-07,2.4995668240076065e-07,2.538293010641434e-07,0.199999804153821,0.0,2.3433811611448104e-07,2.5344587307125913e-07,0.19999913808456235,2.577488299373919e-07,9.265580102916416e-08,1.931457771124231e-08,2.538293010641434e-07,1.8756980921735694e-07,0.0,0.0,2.492036889840779e-07,0.0,1.8321560167330442e-07,2.5500285737782776e-07,2.559777583959219e-07,2.503816617124241e-07,0.0,2.5307169587902076e-07,0.19999781400403316,2.7493840841085295e-07
2025-05-29,2.591604218346428e-07,2.5947610795056505e-07,0.1999983321304704,8.852378421106686e-08,2.569723813618632e-07,2.577453770632912e-07,1.1770103799044748e-07,2.577453770632912e-07,0.0,0.0,2.5948337924260254e-07,2.5716331545208675e-07,0.0,0.19999801421533941,2.5671299473224615e-07,2.369067096052919e-07,2.55785391160686e-07,1.8642248627106832e-07,2.57440114447134e-07,2.495661436664018e-07,2.5798997678139326e-07,2.55164529782109e-07,2.577453770632912e-07,0.1999996330686577,0.0,2.447547585626175e-07,2.575038058788609e-07,2.975329174784779e-07,2.603598931882328e-07,1.5030523413315006e-07,1.0141064332411575e-07,2.577453770632912e-07,5.630943283393957e-08,0.0,0.19999835844090263,2.546592915179792e-07,0.0,2.1067886555488058e-07,2.5853703669520825e-07,2.5917664412641334e-07,2.5544751103426995e-07,0.0,2.5725518273314376e-07,0.19999804094335516,2.7181877470866726e-07
2025-05-30,7.151100537951734e-08,2.2657066120997104e-07,0.19999836999732531,0.0,2.2490130188562956e-07,2.2541689084485412e-07,1.320535351501781e-07,2.2541689084485412e-07,0.0,0.0,2.2657513307155793e-07,2.2502843028684437e-07,0.0,0.19999811566513695,2.2472816499575829e-07,2.1152419111204791e-07,2.241098577974584e-07,1.3319940515403531e-08,2.252134410245483e-07,2.199638428625161e-07,2.2558022775592782e-07,2.2369584781063763e-07,2.2541689084485412e-07,6.505424848458589e-08,0.2000007213778665,2.1675596625667088e-07,2.2525525670977554e-07,1.0220898059085619e-07,2.2715977263802767e-07,1.5378975764605037e-07,0.0,2.2541689084485412e-07,9.112608153604892e-08,5.358649038050788e-08,0.19999839104557743,2.2335919250941958e-07,0.0,1.9403872793868847e-07,2.2594359388142916e-07,2.2637089481697174e-07,2.2388451233686953e-07,0.0,2.2508974639065804e-07,0.19999813704802788,2.3479869938909078e-07
2025-06-02,0.0,2.282745382624183e-07,0.19999850921455217,0.0,2.2715071743822814e-07,2.2751140263472362e-07,1.6526927096751165e-07,2.2751140263472362e-07,0.0,7.723050741603338e-08,2.2828256912911324e-07,2.2724933958898053e-07,0.0,0.1999982266023118,2.270553052794237e-07,2.1823321725367243e-07,2.2663732869658072e-07,0.0,2.2738099289179513e-07,2.2386193054563208e-07,2.2761540844254638e-07,2.2636357149894116e-07,2.2751140263472362e-07,1.2060420833576442e-07,0.20000031117124728,2.2172535919718553e-07,2.274059864649418e-07,1.4537522971024197e-07,2.2867998303769032e-07,9.510399155972761e-09,0.0,2.2751140263472362e-07,1.379768833462594e-07,1.129479503188442e-07,0.19999844690216015,2.261508532600036e-07,0.0,4.778079765752798e-08,2.2786486171393772e-07,2.2815289128300778e-07,2.2649547489019893e-07,0.0,2.2729098772905e-07,0.19999824372245284,2.3377410161898164e-07
2025-06-03,3.9523181780814086e-08,1.917082914009693e-07,3.3593843115086594e-08,0.0,1.9095691374421777e-07,1.9119955938978458e-07,0.0,1.9119955938978458e-07,0.0,0.0,1.9171111960869002e-07,1.9102145536139694e-07,3.952503570147021e-08,0.19999819395252139,1.9089231455021112e-07,1.8501322518496977e-07,1.9061459868496049e-07,0.0,1.9111395552135796e-07,1.887656869079763e-07,1.912639620243386e-07,1.904308440414362e-07,1.9119955938978458e-07,0.2000003825024646,0.19999986160225997,1.8734085266137204e-07,1.9112483531778196e-07,1.36442377441613e-07,3.0268441457919936e-08,0.0,0.0,1.9119955938978458e-07,1.3150844632491307e-07,1.1482222575543493e-07,0.19999837019197395,1.902907421828479e-07,0.0,7.137450878167498e-08,1.914299045290915e-07,1.916257954224884e-07,1.9051900510519496e-07,0.0,1.9105085101603595e-07,0.19999820764764453,1.953714843313412e-07
2025-06-04,0.0,1.7496046464247061e-07,0.0,0.19999961403271435,1.7446379936426687e-07,1.74613460016583e-07,0.0,1.74613460016583e-07,0.0,0.0,1.7495913661354632e-07,1.745055808243482e-07,7.352638620234155e-08,0.19999814777190908,1.7442298350887467e-07,1.7049000051769554e-07,1.7423516460621164e-07,0.0,1.7456325952217952e-07,1.72998872599035e-07,1.7465430830069313e-07,1.741069320559194e-07,1.74613460016583e-07,0.19999989860607892,0.1999994819123715,1.7204901111369807e-07,1.745700490104548e-07,1.3812687846741987e-07,6.734000477819864e-08,0.0,0.0,1.74613460016583e-07,1.3483325197209094e-07,1.236950514564692e-07,1.0500546893573218e-07,1.740186489153094e-07,0.0,0.0,1.7478541586607616e-07,1.74901659848963e-07,1.741739323786392e-07,4.7161091394440136e-08,1.745215444775128e-07,0.19999815874745763,1.774057308343671e-07
2025-06-05,7.1029187186945e-08,1.8769880789793535e-07,0.0,0.19999937718192787,1.8745860109739653e-07,1.8752083824274678e-07,0.0,1.8752083824274678e-07,0.0,0.19999928544496548,1.8767115704506115e-07,1.8735943118086219e-07,0.0,0.1999982041235065,1.8745052672728115e-07,1.8478093527294122e-07,1.8724573333689395e-07,0.0,1.874634420136909e-07,1.864801287558699e-07,1.874590153860302e-07,1.8722420219139498e-07,1.8752083824274678e-07,0.1999996048390123,2.4628193156504877e-07,1.8583601222673792e-07,1.8743446384375408e-07,1.632314922743377e-07,0.0,0.0,0.0,1.8752083824274678e-07,1.609580128101204e-07,1.535451040921577e-07,1.411552133966302e-07,1.8702011646499866e-07,7.114631185296796e-08,0.0,1.8761192908939105e-07,1.8774172119962677e-07,1.8726577860121032e-07,0.0,1.8742561639758293e-07,0.19999821293285533,1.8941850770503377e-07
2025-06-06,1.0600117744786952e-07,1.8377863571519936e-07,0.19999825283394568,1.449639430981287e-07,1.836134967900028e-07,1.8365745025712448e-07,0.0,1.8365745025712448e-07,0.0,0.19999912708199594,1.8376405659709422e-07,1.8355266634383673e-07,5.863405474317985e-08,0.19999826202951498,1.8362797503877624e-07,1.8183260912342794e-07,1.8348064028365174e-07,0.0,1.83620256383998e-07,1.8297379813080768e-07,1.8359634451657482e-07,1.8347343055182512e-07,1.8365745025712448e-07,0.19999938258727432,6.738595009424067e-08,1.825473962300643e-07,1.836174387168842e-07,1.6744371712812126e-07,5.864132955401558e-08,0.0,0.0,1.8365745025712448e-07,1.6595952069148428e-07,0.0,1.527525602191114e-07,1.8332444383750976e-07,0.0,0.19999825920784656,1.8372337729362913e-07,1.838182536050629e-07,1.835018041800507e-07,0.0,1.836052282700542e-07,1.5734711698205295e-06,1.8492334688870554e-07
