,market_price_mean,market_price_std,market_price_change,market_volume_mean,market_volume_std,market_reddit_sentiment
2024-06-06,2819.7778048780488,4383.672476463648,1422.88225,11158032.195121951,13585072.094973281,0.4024390243902439
2024-06-07,2873.45756097561,4462.5095642429615,1438.5952499999999,12211875.902439024,18568945.475904524,2.0
2024-06-10,2911.7356097560973,4622.401894091187,1476.3439999999998,7512657.585365853,12632182.219940795,1.1829268292682926
2024-06-11,2913.6426829268294,4613.020201881935,1493.3867499999997,7412126.317073171,11688247.599956354,11.414634146341463
2024-06-12,2929.3263414634143,4677.326577824474,1502.6462500000002,7045500.268292683,8092415.963360482,0.7195121951219512
2024-06-13,2936.922682926829,4676.366839007697,1508.4645000000003,6428927.951219512,7688798.534629219,18.365853658536587
2024-06-14,2944.445609756098,4686.073286610354,1503.568,5383321.682926829,6040097.845138634,10.554878048780488
2024-06-18,2936.910975609756,4655.513686383745,1492.2779999999998,6698659.097560976,8472244.169994656,14.231707317073171
2024-06-19,2915.3680487804872,4627.963603701044,1493.136,9103973.146341464,12421045.867700074,4.081219512195122
2024-06-20,2918.01243902439,4650.302714498498,1480.42025,7256532.5121951215,8137161.192182104,1.9634146341463414
2024-06-21,2901.0551219512195,4604.206326275224,1483.0265,15917921.048780488,21309933.796036247,0.17073170731707318
2024-06-24,2904.1212195121952,4598.325575900053,1499.20725,5927809.682926829,8365786.1624123035,8.390243902439025
2024-06-25,2905.0421951219514,4582.48450314387,1487.1644999999996,7600100.682926829,10247224.489286289,0.2804878048780488
2024-06-26,2925.7848780487807,4635.115233369107,1447.0487500000002,7478934.341463415,9740695.135037469,5.012195121951219
2024-06-27,2963.592195121951,4703.489758440917,1468.8682500000002,12991277.390243903,14472005.079715308,2.451219512195122
2024-06-28,2962.7336585365856,4701.032346187511,1432.2670000000003,9061458.121951219,10269983.42043302,11.195121951219512
2024-07-01,2991.788292682927,4777.7113163930035,1467.42925,6430962.317073171,7736242.826672535,0.04878048780487805
2024-07-02,2968.758048780488,4687.335820450061,1438.6675,8168393.780487805,9682352.27869102,10.75609756097561
2024-07-03,2973.137317073171,4649.820775423618,1456.2250000000001,8551385.634146342,14108230.493184593,18.79268292682927
2024-07-04,2971.3597560975604,4651.759432821242,1452.7630000000001,6583221.609756097,7667798.688761841,2.5446341463414632
2024-07-05,2975.1534146341464,4659.020737175597,1421.1864999999998,8372349.195121951,12464091.5409238,13.227560975609755
2024-07-08,2958.5936585365853,4605.939051513,1391.636,7115980.0,10888346.935255283,2.7195121951219514
2024-07-09,3005.4578048780486,4727.026083677596,1450.55725,6176111.585365853,7925967.518945973,0.21146341463414633
2024-07-10,3006.6268292682926,4739.278579568136,1457.95675,7013451.926829268,9109199.040655227,4.170731707317073
2024-07-11,3001.8790243902436,4716.371168563558,1456.7597499999997,7447239.707317073,9475044.840553494,3.6341463414634148
2024-07-12,3016.03512195122,4699.304087140481,1454.78775,9370726.121951219,12409401.674706494,15.121951219512194
2024-07-15,3022.6231707317074,4706.556574229883,1461.028,8105104.390243903,11093199.55983594,6.134146341463414
2024-07-16,3032.411707317073,4736.926253200281,1492.5657500000002,6619060.097560976,8561745.139716899,17.658536585365855
2024-07-18,3049.4482926829264,4757.345999943668,1499.3374999999996,8510716.341463415,10646325.61346796,0.4714634146341463
2024-07-19,3002.673658536585,4637.105156483055,1483.71175,8602890.707317073,14362883.439396076,14.146341463414634
2024-07-22,3027.760975609756,4735.564447224183,1565.2579999999998,9125056.609756097,14909766.340909218,8.666585365853658
2024-07-23,3045.105853658536,4768.722600884867,1596.136,10782774.512195121,14532455.50168313,8.695121951219512
2024-07-24,3014.4843902439025,4676.993925815217,1556.7539999999997,9358306.268292682,11761221.563260097,2.097560975609756
2024-07-25,3007.9948780487803,4667.540045283226,1553.4847499999998,9022259.170731707,12031883.521215852,0.3170731707317073
2024-07-26,3050.850975609756,4696.661681649235,1580.3665000000003,9618104.75609756,10859977.650785541,12.528536585365856
2024-07-29,3043.493658536585,4667.994650980673,1561.4785000000002,8558402.146341464,10678853.57749814,0.4146341463414634
2024-07-30,3044.692926829268,4677.974174477064,1569.8314999999998,8512131.902439024,11272758.133840133,69.48780487804878
2024-07-31,3068.8778048780487,4746.23287109277,1602.5339999999999,7743065.390243903,10496928.931757225,6.829268292682927
2024-08-01,3077.593414634147,4764.383146770654,1601.35075,9938884.24390244,20393336.08898214,4.780487804878049
2024-08-02,3020.642195121951,4658.361999359396,1559.345,8894077.146341464,13428477.336290771,23.634146341463413
2024-08-05,2953.534146341463,4560.5318657099615,1543.8592500000002,12323964.24390244,18935708.271546993,99.89341463414634
2024-08-06,2935.4821951219515,4463.250788835044,1516.4180000000001,7762065.902439024,10681451.768975778,13.317073170731707
2024-08-07,2934.7021951219513,4358.35667395212,1506.619,7893441.1707317075,12521593.68334491,90.44292682926829
2024-08-08,2879.847073170732,4213.442966951423,1466.485,7611944.975609756,10201610.106599072,1.7926829268292683
2024-08-09,2904.8441463414633,4235.998362885733,1466.30775,5376105.926829268,7053609.598766485,61.74390243902439
2024-08-12,2907.671707317073,4252.422015797988,1483.2177499999998,6877059.804878049,9028549.162621181,19.414634146341463
2024-08-13,2891.5929268292684,4222.405326357238,1463.6619999999998,6148592.219512195,8574022.980330339,27.052926829268294
2024-08-14,2884.5604878048784,4226.7876254859,1458.27825,7411234.804878049,16282031.166108018,3.9146341463414633
2024-08-16,2928.6560975609755,4279.7638273441335,1486.7174999999997,6938782.0,10114613.131000876,8.731707317073171
2024-08-19,2939.87243902439,4305.7898021162955,1487.75925,5883084.951219512,10902469.740539668,3.341463414634146
2024-08-20,2952.6214634146345,4297.01748014095,1493.08825,5444097.048780488,7302009.815430694,22.36170731707317
2024-08-21,2963.71756097561,4301.450401545961,1501.6634999999999,6260674.439024391,9437697.431390218,8.75609756097561
2024-08-22,2977.4326829268293,4334.750589748729,1516.28525,5232067.707317073,6634694.237967635,1.7317073170731707
2024-08-23,2966.7897560975607,4297.866167858972,1503.4799999999998,4963472.609756097,6272064.273926365,0.4226829268292682
2024-08-26,2980.7760975609754,4318.078166192195,1504.8805000000002,5410027.780487805,7836733.185618655,0.25609756097560976
2024-08-27,2979.4882926829273,4317.820602619382,1516.0142499999997,5404714.0,6390792.17662602,1.3170731707317074
2024-08-28,2980.883414634147,4297.278917159266,1519.648,5806467.268292683,7330798.782935202,24.378048780487806
2024-08-29,2993.4234146341464,4319.127783211593,1509.30575,9193902.536585366,12121097.719819471,0.3853658536585366
2024-08-30,3020.6539024390245,4403.444529078636,1548.7994999999999,20667835.82926829,47764907.12191205,6.841463414634147
2024-09-02,3029.3592682926833,4404.976984614933,1550.937,5619985.048780488,5987207.528478046,6.182926829268292
2024-09-03,3032.746341463415,4415.445572945352,1561.7067499999998,5376209.658536585,6042292.433975937,0.8292682926829268
2024-09-04,3040.52756097561,4450.301871592139,1564.127,6283846.292682927,8389355.790798595,2.268292682926829
2024-09-05,3035.291951219512,4435.1749058002315,1580.86975,5363185.097560976,6352098.907178668,1.6909756097560975
2024-09-06,3017.062682926829,4421.238423418524,1591.0385,7457327.048780488,9721445.928672563,9.768292682926829
2024-09-09,3027.270975609756,4446.266531493258,1603.9415,6118756.341463415,8205107.868942086,19.48780487804878
2024-09-10,3039.4763414634144,4447.17912294412,1617.3950000000002,6079242.658536585,7839923.114274286,4.097560975609756
2024-09-11,3029.628048780488,4431.355744533588,1617.58125,6796217.414634147,10030480.784327326,3.004146341463415
2024-09-12,3081.5941463414633,4501.888811227841,1641.839,9079913.487804879,13138421.850146243,13.560975609756097
2024-09-13,3076.740731707317,4481.6181985236635,1644.2134999999998,6490004.12195122,10839640.140009467,4.164634146341464
2024-09-16,3064.7029268292686,4442.526744696934,1633.1867500000003,4155817.2682926827,5997390.952784386,6.121951219512195
2024-09-17,3064.4187804878047,4421.772296442493,1631.92175,5279908.536585365,8588014.3617752,20.304878048780488
2024-09-18,3043.06268292683,4373.027705889614,1619.1029999999998,5678498.292682927,6814134.853493679,10.463414634146341
2024-09-19,3048.1329268292684,4363.69391317485,1617.9142499999998,8035396.87804878,11475558.413028453,11.414634146341463
2024-09-20,3080.374390243903,4410.118826119418,1634.3055,13365615.878048781,16356848.361677237,2.951219512195122
2024-09-23,3112.3741463414635,4521.12175503369,1659.4690000000003,5455846.902439024,7067499.873814026,1.650487804878049
2024-09-24,3101.6268292682926,4507.650830334122,1652.5529999999999,8984865.951219512,21850346.20966961,6.711463414634147
2024-09-25,3096.7760975609754,4506.624456506211,1642.8967499999999,6227257.560975609,10639061.552477624,1.451219512195122
2024-09-26,3140.1465853658538,4577.460586943648,1683.2514999999999,8889057.75609756,15122652.940533416,5.939024390243903
2024-09-27,3146.0536585365853,4592.56152391242,1660.3705000000002,10671305.390243903,15063560.657968117,5.963414634146342
2024-09-30,3123.5524390243904,4581.337548928623,1688.1467500000003,8052528.707317073,15294910.46137882,0.07317073170731707
2024-10-01,3129.9541463414635,4607.572895190327,1706.75225,5780469.317073171,8919362.879007269,26.914634146341463
2024-10-03,3071.6304878048777,4540.823123054142,1706.2667500000002,10233648.512195121,15090509.224661464,23.36170731707317
2024-10-04,3037.821219512195,4494.272849502096,1692.5735,9166311.536585366,12047158.767739266,6.626097560975609
2024-10-07,3002.95756097561,4402.051717428591,1673.0332499999997,9918290.68292683,13841645.871415295,6.914634146341464
2024-10-08,3021.767073170732,4437.176519166788,1665.0275000000001,7182807.073170732,12591530.416193094,2.597560975609756
2024-10-09,3010.4668292682927,4371.978314520918,1676.7635000000002,6896554.756097561,9161173.270613173,19.304878048780488
2024-10-10,2998.8687804878045,4339.8520171697855,1668.5142500000002,5914144.87804878,8711133.542386562,36.951219512195124
2024-10-11,2989.031219512195,4293.892613188653,1657.3545000000001,5198647.682926829,8947682.723673284,5.487804878048781
2024-10-14,2996.921219512195,4303.855935218226,1665.0010000000002,5307184.1707317075,8192035.7356734285,2.6341463414634148
2024-10-15,2997.4868292682927,4324.338867424617,1694.79325,6089631.317073171,8627175.14278194,4.319512195121951
2024-10-16,2978.683414634146,4279.136210069145,1665.2185000000002,4931962.390243903,6396874.770290037,6.804878048780488
2024-10-17,2942.1585365853657,4226.286772114391,1625.37175,5583918.756097561,7016766.808743537,7.134146341463414
2024-10-18,2937.4314634146344,4226.800853580874,1617.58475,7789284.292682927,13586454.415384762,0.6219512195121951
2024-10-21,2921.6512195121954,4218.800378688291,1591.2624999999998,6281139.365853659,7580510.705809295,2.7439024390243905
2024-10-22,2897.3507317073168,4220.2190202500105,1592.85075,6697518.975609756,8441787.011658018,36.707317073170735
2024-10-23,2900.371951219512,4253.858803280835,1600.8880000000001,6666510.243902439,8876697.598553913,70.3780487804878
2024-10-24,2904.313170731707,4299.939217373261,1603.6260000000002,4991737.682926829,6056946.82801441,30.833170731707312
2024-10-25,2875.354146341463,4272.701267514998,1586.19175,8197365.439024391,12268407.652812159,30.182926829268293
2024-10-28,2891.990243902439,4288.459963898854,1596.5812500000002,6017510.804878049,7455307.311880446,14.609756097560975
2024-10-29,2888.078536585366,4301.482447225387,1586.7805,7123891.585365853,8884489.782752452,4.219512195121951
2024-10-30,2894.700487804878,4321.797224382214,1589.5704999999998,5919726.853658536,6454821.686340369,4.276341463414634
2024-10-31,2869.832926829268,4270.551281792634,1576.2275000000004,6316128.463414635,6883507.446614787,10.024390243902438
2024-11-04,2844.591219512195,4238.1438475277755,1581.00225,6336570.390243903,6862231.436247499,4.7560975609756095
2024-11-05,2857.2487804878047,4228.334350153011,1590.7475000000002,6694013.756097561,9219838.636846054,6.2682926829268295
2024-11-06,2894.489756097561,4286.57196357415,1608.3682500000002,7473412.87804878,9539221.69022278,0.29878048780487804
2024-11-07,2862.17,4244.417321007478,1595.433,6302082.536585365,14245726.697467705,7.809024390243903
2024-11-08,2856.651707317073,4213.642258848126,1612.22425,6438888.365853659,11225360.849091291,8.378048780487806
2024-11-11,2841.1319512195128,4198.261013996745,1607.64275,6342670.439024391,9195405.860273879,10.295121951219512
2024-11-12,2809.5278048780488,4173.061250416107,1573.65975,5905188.439024391,6963971.445915154,2.182926829268293
2024-11-13,2774.1124390243904,4121.291819735463,1560.114,6862483.926829268,10469202.147257175,1.329268292682927
2024-11-14,2775.6421951219513,4126.518472728946,1545.74325,5707243.560975609,7120668.132131793,20.565121951219513
2024-11-18,2764.2,4105.041650170452,1541.03625,6058207.1707317075,8007813.515915548,4.670731707317073
2024-11-19,2776.4053658536586,4128.422709114484,1573.12425,7027297.341463415,8780977.39608801,10.212926829268293
2024-11-20,2776.4053658536586,4128.422709114484,1573.12425,7027297.341463415,8780977.39608801,10.212926829268293
2024-11-21,2765.0629268292682,4127.7152790347345,1580.6145000000001,9181796.268292682,12799318.544224449,33.30487804878049
2024-11-22,2835.62,4252.837336444183,1609.4754999999998,7772612.097560976,9610771.87202315,18.77634146341463
2024-11-25,2864.949512195122,4339.628821134839,1617.3982499999997,19661227.51219512,45650555.09680055,13.61951219512195
2024-11-26,2847.3953658536584,4261.214210466135,1590.48775,4845064.341463415,5785173.825834284,4.054878048780488
2024-11-27,2863.3382926829267,4322.791192717797,1609.39175,5927444.804878049,7184618.03322779,6.7560975609756095
2024-11-28,2832.7782926829263,4325.2119774309,1601.0277499999997,7531536.268292683,7549392.285397643,6.182926829268292
2024-11-29,2865.3797560975613,4406.469185653586,1612.5092500000003,5800301.707317073,6290662.438864743,14.853658536585366
2024-12-02,2905.7846341463414,4524.380730637227,1636.5504999999998,4691509.12195122,5138308.902733244,20.26829268292683
2024-12-03,2927.1136585365853,4581.1757775982,1643.9090000000003,7246841.243902439,8418885.335651336,12.268292682926829
2024-12-04,2926.3441463414633,4602.062104488132,1657.8290000000002,7210650.609756097,8680639.774381906,2.0365853658536586
2024-12-05,2928.5463414634146,4511.83092126324,1646.65875,7896429.756097561,8582357.637194434,1.6219512195121952
2024-12-06,2940.2424390243905,4575.177672644238,1669.40975,5089861.1707317075,6267842.169503352,2.0853658536585367
2024-12-09,2919.9858536585366,4525.12778824221,1665.4567499999998,5488391.853658536,7239309.844037555,5.487804878048781
2024-12-10,2928.038536585366,4574.212969836163,1684.2682500000003,5474588.195121951,6872103.323719617,9.439024390243903
2024-12-11,2944.149268292683,4610.6234412995,1707.598,4113225.2439024393,4329643.430821284,15.097560975609756
2024-12-12,2932.930243902439,4594.939909972277,1711.7810000000002,5777750.243902439,6579688.321439805,1.2397560975609756
2024-12-13,2963.9263414634147,4656.670422444249,1733.3532500000001,6822396.317073171,9378088.868525408,1.6329268292682928
2024-12-16,2965.563658536585,4715.45084498265,1739.69525,3905625.6829268294,4652985.501485825,4.475609756097561
2024-12-17,2939.078780487805,4734.164359209628,1736.12325,5479744.87804878,6327051.367990777,0.7317073170731707
2024-12-18,2918.5524390243904,4670.285310872361,1706.935,4951141.390243903,5504865.095234648,4.146341463414634
2024-12-19,2889.0146341463415,4621.160999260186,1700.02875,5960339.5121951215,6338739.31474971,0.25609756097560976
2024-12-20,2837.5607317073172,4530.011258620259,1673.0672499999996,9912836.414634146,12517241.486656802,148.1829268292683
2024-12-23,2843.2614634146344,4543.183152872466,1661.4855000000002,4225560.195121951,5638738.977450207,4.548780487804878
2024-12-24,2826.8617073170735,4472.476495603566,1644.2145000000005,3889630.487804878,5160703.837619471,0.25609756097560976
2024-12-26,2824.6621951219513,4435.632040120546,1648.315,3778900.56097561,4572459.143194947,3.8536585365853657
2024-12-27,2820.4670731707315,4395.3971914593785,1639.4025000000001,3953850.8536585364,4941063.194687569,3.309024390243903
2024-12-30,2801.534634146341,4350.205435826914,1630.6055,7729102.463414635,8987761.557684978,3.8292682926829267
2024-12-31,2798.694390243903,4344.314583375834,1622.8255000000001,4057654.8048780486,4604476.7453237325,5.670731707317073
2025-01-01,2810.0607317073172,4339.559729126397,1628.531,3260778.2926829266,4555805.761761446,2.658536585365854
2025-01-02,2901.1263414634145,4541.616242266438,1700.8095,6115323.048780488,6895908.407463893,2.270731707317073
2025-01-03,2882.0914634146343,4470.618414112609,1671.7150000000001,7447821.0,10771611.655170549,0.6097560975609756
2025-01-06,2848.1400000000003,4427.140270600281,1670.8935000000001,6229206.365853659,8598532.061923023,38.24804878048781
2025-01-07,2854.889512195122,4440.709636143344,1654.3905,5748159.780487805,9297753.43940997,1.8780487804878048
2025-01-08,2857.254146341463,4440.803368466707,1631.548,6076164.243902439,8914386.01501778,4.170731707317073
2025-01-09,2845.6563414634143,4422.542295927986,1630.6789999999996,6201304.146341464,7592327.109924253,0.5
2025-01-10,2833.298780487805,4377.534195922318,1631.1837499999997,5495122.804878049,6823938.486558017,1.0080487804878049
2025-01-13,2780.3856097560974,4250.134059101762,1579.0490000000002,6556974.780487805,8596449.758504618,1.0731707317073171
2025-01-14,2781.6048780487804,4282.79013513451,1581.42625,6539057.292682927,7813419.4094266305,2.845609756097561
2025-01-15,2796.331951219512,4318.315871761062,1582.7352499999997,4691802.975609756,5383688.295533193,0.7358536585365854
2025-01-16,2807.7765853658534,4346.142318431544,1579.85975,6098824.317073171,6350291.303305732,2.2446341463414634
2025-01-17,2800.160975609756,4331.390732562782,1535.2562500000001,5975895.1707317075,8396536.504308311,22.51707317073171
2025-01-20,2801.201707317073,4302.6113696547645,1533.1454999999999,6456826.097560976,9228150.518637737,11.0
2025-01-21,2781.0707317073175,4290.887855222341,1545.0549999999998,6861857.268292683,7919028.194766162,3.5853658536585367
2025-01-22,2805.2358536585366,4327.639099829214,1566.3392500000002,6009764.317073171,7532155.791471311,22.853658536585368
2025-01-23,2852.11756097561,4446.4897822443945,1628.17925,5845841.585365853,8366730.601582236,10.634146341463415
2025-01-24,2843.0939024390245,4421.683327775321,1636.7137500000001,5469882.5121951215,7101384.348724134,8.048780487804878
2025-01-27,2800.229268292683,4336.694926474449,1610.1512500000003,5434555.292682927,5955827.0530293565,514.579756097561
2025-01-28,2823.4987804878047,4456.769955289557,1628.8262499999996,7410809.804878049,8838273.848302871,0.27634146341463417
2025-01-29,2860.5841463414636,4541.947496252249,1665.7112499999998,4688524.024390244,5052250.39717572,11.028536585365854
2025-01-30,2869.635121951219,4562.415158260211,1656.9997500000002,7280619.268292683,10793169.962952638,5.309024390243903
2025-01-31,2924.845853658537,4702.063354255664,1701.2395000000001,5919859.536585365,6245705.4409709945,4.4714634146341465
2025-02-03,2928.4102439024387,4702.824040953808,1724.5729999999999,6059074.4878048785,7028919.304812883,12.026829268292683
2025-02-04,2959.945609756098,4760.28349098831,1716.6142499999999,6639912.536585365,6720972.014975695,5.554878048780488
2025-02-05,2965.5951219512194,4822.893888487528,1729.5799999999995,5061570.195121951,4898119.648198366,2.5609756097560976
2025-02-06,2942.43756097561,4740.594442276242,1702.40975,5994919.804878049,7153470.581254297,1.8902439024390243
2025-02-07,2956.001463414634,4800.735105088803,1731.534,6580183.804878049,10592911.052188674,18.574878048780487
2025-02-10,2932.7558536585366,4760.341603442779,1721.0835,4379389.536585365,5261105.58018255,1.6829268292682926
2025-02-11,2892.601463414634,4730.486500189585,1699.19525,5145613.195121951,5360845.203432977,21.002195121951225
2025-02-12,2898.3909756097555,4764.848712666441,1723.887,5523538.87804878,7346097.008275564,1.853658536585366
2025-02-13,2895.7585365853656,4763.997803148395,1721.65,5480295.853658536,8461543.408716591,3.7804878048780486
2025-02-14,2884.4041463414633,4795.113943810586,1708.833,5085882.804878049,7127774.965911956,190.9919512195122
2025-02-17,2892.3119512195126,4775.511662854016,1709.09725,3990367.4146341463,4452243.223350433,2.707317073170732
2025-02-18,2890.7875609756097,4776.653972080671,1707.02225,4317995.219512195,5251930.23662193,14.609756097560975
2025-02-19,2886.153902439025,4807.053423911666,1700.1715,3880057.56097561,4138566.1025993107,10.731707317073171
2025-02-20,2874.713170731707,4774.023480784847,1682.756,4817290.731707317,5965284.824191472,0.4878048780487805
2025-02-21,2860.185609756098,4751.417782472958,1672.8365,4733494.463414635,7177453.645861572,63.76829268292683
2025-02-24,2838.35243902439,4732.2269995723855,1664.3975000000003,4247288.024390244,5036050.5341096725,9.06780487804878
2025-02-25,2832.0565853658536,4721.656577232195,1668.7580000000003,5039648.682926829,5475766.088902524,3.495853658536585
2025-02-26,2832.0565853658536,4721.656577232195,1668.7580000000003,5039648.682926829,5475766.088902524,5.178780487804878
2025-02-27,2815.5875609756094,4707.813325095343,1648.6997500000002,6071308.658536585,6844268.058490841,17.0
2025-02-28,2727.798780487805,4537.299264665342,1565.8912500000001,11370871.195121951,12880134.830019725,1.6000000000000003
2025-03-03,2744.0341463414634,4593.25282053907,1612.10375,5831650.12195122,6831747.807755995,3.597560975609756
2025-03-04,2718.95,4542.734143309001,1595.9762500000002,5095283.439024391,5817198.73642238,0.6829268292682927
2025-03-05,2765.3778048780487,4653.082998056504,1629.52225,6025310.585365853,10060255.809436325,56.146341463414636
2025-03-06,2781.472926829268,4643.890895183375,1611.1697499999998,7883436.926829268,13567613.051262135,1.4390243902439024
2025-03-07,2779.732926829268,4636.898515214271,1568.18125,5899946.536585365,12905701.946537238,0.7682926829268293
2025-03-10,2764.2314634146337,4615.78853385382,1563.97725,5473530.1707317075,9161646.52166699,66.65853658536585
2025-03-11,2762.3480487804877,4624.848852346931,1552.92425,7446388.268292683,16777029.070049655,4.971463414634146
2025-03-12,2744.220731707317,4573.393057355796,1524.35,8209848.780487805,17869678.467896078,5.878048780487805
2025-03-13,2730.5795121951214,4559.570731606934,1519.7465,5775671.853658536,9353566.712698106,0.0
2025-03-14,2730.5795121951214,4559.570731606934,1519.7465,5775671.853658536,9353566.712698106,0.07317073170731707
2025-03-17,2742.6865853658537,4593.722715137345,1541.4325000000001,5370360.560975609,7035530.282877177,2.6219512195121952
2025-03-18,2774.1580487804877,4620.007471870856,1573.7420000000002,5989481.0,7619617.415625983,564.5934146341464
2025-03-19,2790.251707317073,4715.770502157525,1581.67925,6819097.4878048785,11325795.098034276,38.870000000000005
2025-03-20,2819.9446341463417,4736.424592953231,1589.5644999999997,6274589.243902439,7887898.23814262,0.6707317073170732
2025-03-21,2840.6731707317076,4785.304931755662,1603.43125,10934883.390243903,13635445.241351167,27.4390243902439
2025-03-24,2874.621951219512,4856.8635265656785,1611.835,6065491.414634147,7226851.204744722,62.798780487804876
2025-03-25,2887.5068292682927,4884.4132643579915,1642.10825,7286505.536585365,7958165.349679434,1.6341463414634145
2025-03-26,2886.1824390243905,4931.021711405268,1653.4607500000002,5572439.975609756,6304296.484475412,2.292682926829268
2025-03-27,2903.460731707317,4966.805914493319,1665.89225,8729393.853658536,9539707.372998487,0.24390243902439024
2025-03-28,2898.901707317073,5002.341408118316,1664.3967499999999,6250517.4878048785,7572048.542141494,0.24390243902439024
2025-03-31,2898.901707317073,5002.341408118316,1664.3967499999999,6250517.4878048785,7572048.542141494,1.7804878048780488
2025-04-01,2870.416829268293,4961.926941430108,1658.2622500000002,6128447.658536585,6720472.258905161,1.0853658536585367
2025-04-02,2890.026341463414,4970.701367721371,1679.8482499999998,4782374.731707317,5456105.505454864,0.975609756097561
2025-04-03,2907.2446341463415,5068.484066692197,1700.00825,4412896.4878048785,4220151.508778883,46.735853658536584
2025-04-04,2865.118292682927,5028.017343616352,1701.9287499999998,8922825.634146342,14501104.254301274,0.6195121951219512
2025-04-07,2792.9639024390244,4886.09442657719,1667.9455000000003,12390934.804878049,21537193.999177806,16.57512195121951
2025-04-08,2845.9851219512193,4986.853569300436,1705.37975,8107745.609756097,12159871.251901735,3.9531707317073166
2025-04-09,2848.330975609756,4987.047430954441,1704.5555,7323095.146341464,12224588.06836302,4.227560975609756
2025-04-10,2848.330975609756,4987.047430954441,1704.5555,7323095.146341464,12224588.06836302,6.439024390243903
2025-04-11,2873.625365853658,4960.064514889286,1696.04225,7690228.4878048785,12490832.990500012,808.560975609756
2025-04-14,2873.625365853658,4960.064514889286,1696.04225,7690228.4878048785,12490832.990500012,15.471463414634147
2025-04-15,2939.9914634146335,5115.197282592983,1742.38875,7271619.024390244,8882142.311242288,1.2195121951219512
2025-04-16,2936.068048780488,5062.82820741444,1739.1872499999997,6767563.048780488,9163618.045270883,6.475609756097561
2025-04-17,2963.811707317073,5095.587135869004,1731.5445,9605950.609756097,13676010.7486815,16.203170731707317
2025-04-18,2963.811707317073,5095.587135869004,1731.5445,9605950.609756097,13676010.7486815,16.312926829268292
2025-04-21,2987.4270731707315,5119.182255069243,1734.22525,7220143.12195122,7864605.871274822,2.3902439024390243
2025-04-22,2981.5619512195126,5086.935890956228,1732.6209999999999,8616444.56097561,11990241.62229568,0.5853658536585366
2025-04-23,2991.9434146341464,5021.417821450291,1734.2420000000002,7776737.560975609,9261543.832163904,0.9512195121951219
2025-04-24,3000.8790243902436,5073.032670320635,1741.761,6788698.731707317,7320956.994487821,0.2926829268292683
2025-04-25,2980.069024390244,5047.114267346028,1721.6607499999998,6905184.926829268,8040879.817011983,0.12195121951219512
2025-04-28,2988.1346341463413,5026.967449700347,1659.818,5043028.146341464,6793447.864294463,0.2926829268292683
2025-04-29,2973.814146341463,4967.015553153931,1613.467,5915084.024390244,7729761.622210978,0.7317073170731707
2025-04-30,2967.5970731707316,4933.419240762247,1601.6620000000003,7441898.902439024,8387273.400858535,0.04878048780487805
2025-05-01,2967.5970731707316,4933.419240762247,1601.6620000000003,7441898.902439024,8387273.400858535,0.15853658536585366
2025-05-02,2949.429756097561,4887.568575056062,1565.2055,6531114.8292682925,7260581.538186842,0.8048780487804879
2025-05-05,2962.004878048781,4909.296017357733,1568.9725,5380142.268292683,6159660.835237095,53.88219512195122
2025-05-06,2964.9848780487805,4920.307090797465,1582.687,5721024.5121951215,8091939.19975879,0.7317073170731707
2025-05-07,2964.058780487805,4931.795053611346,1597.0102499999998,6008363.073170732,7945105.761073989,17.463414634146343
2025-05-08,2946.568536585366,4898.886409242541,1578.05775,7632373.5121951215,8191030.033695426,18.5609756097561
2025-05-09,2927.415853658537,4859.762997959516,1588.97125,5564504.365853659,7753636.799714806,150.0448780487805
2025-05-12,3024.1385365853657,5012.477976902686,1627.3294999999998,6691339.414634147,8755480.527462142,719.4573170731708
2025-05-13,2999.66,5005.047687197103,1623.5589999999997,7288298.243902439,9634262.429891286,33.65439024390244
2025-05-14,3022.1295121951216,5078.1349836034615,1637.67275,6353112.682926829,11173995.101690933,1.0
2025-05-15,3078.5165853658536,5201.106890565774,1664.9244999999999,9452160.146341464,12204494.796200134,14.951219512195122
2025-05-16,3084.7921951219514,5233.998217106192,1669.1019999999996,7587523.4878048785,16996400.602592856,0.47560975609756095
2025-05-19,3079.458536585366,5234.149212001452,1679.625,3877262.0975609757,4417317.340870531,1.3414634146341464
2025-05-20,3041.7758536585366,5197.605095255809,1657.6052499999998,6640023.5121951215,9923607.708619261,0.8292682926829268
2025-05-21,3049.2485365853654,5190.4890537553365,1660.5497500000001,4095625.6097560977,5984700.767543825,2.6463414634146343
2025-05-22,3031.003658536585,5173.761596180385,1662.14375,7091099.390243903,11957783.705448888,30.83731707317073
2025-05-23,3048.4565853658537,5187.029067177044,1662.1979999999999,4119903.8536585364,5697262.188470857,0.21951219512195122
2025-05-26,3049.071707317073,5130.547909153706,1654.6285,3884978.7560975607,5317126.476718938,1.7195121951219512
2025-05-27,3029.208536585366,5099.7793729817895,1647.2862499999999,6327380.243902439,7400567.80905088,24.353658536585368
2025-05-28,2990.0082926829264,4948.252183799606,1616.536,14350507.487804879,69073749.00514427,28.4390243902439
2025-05-29,2999.4792682926827,4954.965058675448,1621.22125,6162267.4878048785,6735344.952138279,5.530487804878049
2025-05-30,2977.1741463414633,4906.8569773760755,1595.181,7830450.5121951215,8156984.774172635,64.21951219512195
2025-06-02,2970.999512195122,4881.6702917401435,1596.2319999999995,5340010.317073171,7724668.370244848,4.2926829268292686
2025-06-03,2953.152195121951,4864.0260888639195,1586.3435000000002,5676252.902439024,6307112.387946042,4.317073170731708
2025-06-04,2957.2034146341466,4873.425188015454,1572.0460000000003,4024044.3658536584,4397909.145113112,0.6341463414634146
2025-06-05,2965.908048780488,4886.599250459497,1561.5957499999997,5304536.975609756,5709187.700639086,1.7073170731707317
2025-06-06,2994.169268292683,4916.869581726693,1589.4360000000001,5389118.804878049,6344291.733056779,0.0
